data_n,n,s,t,relaxation,solver_used,fixing_rule,calibration_method,root_calibration_param_set,node_calibration_param_set,upsilon_fixing,recalibrate_k,warm_start,bnb_gap,bnb_root_gap,bnb_runtime,bnb_reported_wall_time,bnb_knitro_time,bnb_relaxation_solve_time,bnb_upsilon_calibration_time,bnb_factorization_time,bnb_bound_computation_time,bnb_open_list_time,bnb_node_setup_time,bnb_dual_solution_time,bnb_variable_fixing_direct_time,bnb_variable_fixing_time,bnb_variable_fixing_calls,n_fixed_zero_bnb,n_fixed_one_bnb,n_fixed_total_bnb,bnb_nodes,bnb_n_int_sols,bnb_tree_exhausted,bnb_time_limit_hit,bnb_int_gap_max,bnb_int_gap_avg,bnb_int_gap_opt,z_bnb,z_bnb_ub,z_bnb_root_ub
63,32,16,12,DDGFactplus,general,dual,none,none,none,simple,,true,0.45842183331101793,1.0408410133611525,7205.8191908,7200.008999824524,6785.560912500169,6793.0965912000975,0.0,100.4259615999983,7110.121452800086,0.4766035000002737,22.612710300105316,176.26442849999225,10.865151999997071,10.865151999997071,996098,2434026,719063,3153089,1075195,710020,false,true,1.4968786002372596,1.0636669357227315,0.7787331280160785,-22.96812911013585,-22.50970727682483,-21.927288096774696
63,32,16,12,DDGFactplusUpsilon,general,dual,pf_lmo_lmo,root,node,simple,1,true,0.34842412293902925,0.7890642599033235,7204.8393236,7200.12299990654,330.6912423999994,330.6912423999994,5743.996163800012,10.88668360000018,6789.161872800101,0.05159350000000226,2.118454500000411,701.3932374999863,404.9701024999992,404.9701024999992,87992,45910,116662,162572,95045,8705,false,true,4.638695463365753,0.7575984671174868,0.4300470567910537,-22.96812911013585,-22.61970498719682,-22.179064850232525
63,32,16,12,DDGFactplusUpsilon,general,dual,pf_lmo_lmo,root,node,simple,2,true,0.320457253045916,0.7890642599033235,7200.3195384,7200.105999946594,1053.8645722999966,1053.8645722999966,4575.462218300089,16.87874469999961,6607.350385699978,0.0794833000000088,3.9078299000005683,955.2188059000118,576.5383529000037,576.5383529000037,125997,84686,136258,220944,138809,47434,false,true,5.6264255366008555,0.7953951039169088,0.5652136364491973,-22.96812911013585,-22.647671857089932,-22.179064850232525
63,32,16,12,DDGFactplusUpsilon,general,dual,pf_lmo_lmo,root,node,simple,4,true,0.29520790146219866,0.7890642599033235,7200.3157338,7200.080999851227,1785.8413236000065,1785.8413236000065,3416.1301316000095,21.961299500000496,6440.322559300062,0.10433230000002432,4.468232800000926,1206.562416499982,738.7590754999965,738.7590754999965,161626,127756,164398,292154,183051,86659,false,true,7.992277177613143,0.81082901745766,0.45025875089641687,-22.96812911013585,-22.67292120867365,-22.179064850232525
63,32,16,12,DDGFactplusUpsilon,general,dual,pf_lmo_lmo,root,node,simple,6,true,0.2970105387924491,0.7890642599033235,7200.3423038,7200.082000017166,2224.1086881000224,2224.1086881000224,2726.241005200027,27.66010400000048,6338.56309760019,0.11919340000003302,5.024383300001002,1347.6280827000146,837.3683571999976,837.3683571999976,183717,144310,196917,341227,210461,107950,false,true,8.227226224331844,0.8299969886576849,0.48795281618819786,-22.96812911013585,-22.6711185713434,-22.179064850232525
63,32,16,12,DDGFactplusUpsilon,general,dual,pf_lmo_lmo,root,node,simple,8,true,0.2968085767603732,0.7890642599033235,7200.2553755,7200.0,2569.1451965999977,2569.1451965999977,2192.0141926000038,30.97247249999962,6266.313753000057,0.1329047000000426,6.004431000001004,1459.4754906000046,905.8489262000164,905.8489262000164,199259,153167,190330,343497,232799,125198,false,true,1.2801772386030876,0.835401164750221,0.4424505573764783,-22.96812911013585,-22.671320533375475,-22.179064850232525
63,32,16,12,DDGFactplusUpsilon,general,dual,pf_lmo_lmo,root,node,simple,10,true,0.32584178342956704,0.7890642599033235,7200.3232663,7200.0670001506805,2545.4331294999874,2545.4331294999874,2228.869776299986,30.91822529999934,6255.086005500064,0.12630560000004376,6.1829677000013366,1435.0949137000132,917.9935068000124,917.9935068000124,201948,153530,211773,365303,226165,119346,false,true,10.176829703575715,0.8666209105258627,0.5473966453657013,-22.96812911013585,-22.64228732670628,-22.179064850232525
63,32,16,12,DDGFactplusUpsilon,general,dual,pf_lmo_po,root,node,simple,1,true,0.35406556075987794,0.7557609549564717,7200.4574596,7200.036999940872,168.12345290000025,168.12345290000025,6409.150584200099,5.812571800000026,6972.1336813999715,0.029358400000000808,1.2110258000001841,387.836642500001,222.40668030000055,222.40668030000055,48165,9714,71444,81158,51351,2808,false,true,1.0149594623259404,0.7006995278946972,0.4084869416554895,-22.96812911013585,-22.61406354937597,-22.212368155179377
63,32,16,12,DDGFactplusUpsilon,general,dual,pf_lmo_po,root,node,simple,2,true,0.3122205782444638,0.7557609549564717,7200.6095077,7200.212000131607,647.514831800009,647.514831800009,5597.674172800059,10.287623900000236,6834.075554199943,0.0493859,2.3844233000002863,574.273232000003,356.5856281000051,356.5856281000051,77803,18835,96696,115531,84275,23866,false,true,1.2238505509393427,0.7559390662551633,0.5126661930338656,-22.96812911013585,-22.655908531891384,-22.212368155179377
63,32,16,12,DDGFactplusUpsilon,general,dual,pf_lmo_po,root,node,simple,4,true,0.2943505203647092,0.7557609549564717,7200.5706929,7200.210000038147,1198.6557360000065,1198.6557360000065,4675.0068142,14.858109600000255,6683.528883000043,0.06950110000000478,2.736113700000411,788.0973947000077,503.35468410000465,503.35468410000465,109373,34751,130403,165154,122071,49493,false,true,1.2276578702514307,0.7730125340516667,0.4694479230717903,-22.96812911013585,-22.67377858977114,-22.212368155179377
63,32,16,12,DDGFactplusUpsilon,general,dual,pf_lmo_po,root,node,simple,6,true,0.29260872946048266,0.7557609549564717,7200.5432624,7200.161000013351,1623.6271774000136,1623.6271774000136,3946.8372998999785,19.076559000000195,6560.763540200048,0.0883681000000184,3.6885307000006438,961.5556054999981,622.2282118999934,622.2282118999934,135479,47679,165499,213178,154215,70360,false,true,1.2978499235203458,0.7912734722221569,0.4542405451486182,-22.96812911013585,-22.675520380675366,-22.212368155179377
63,32,16,12,DDGFactplusUpsilon,general,dual,pf_lmo_po,root,node,simple,8,true,0.2974264232353754,0.7557609549564717,7200.5604126,7200.198999881744,1788.1152777999866,1788.1152777999866,3692.165639399988,20.065371600000415,6524.085188899969,0.09274770000002026,3.885510500000755,1013.0804782000002,657.7671645999999,657.7671645999999,143328,50876,163735,214611,164333,77996,false,true,1.2999180357132047,0.8008341970659425,0.5231487067199936,-22.96812911013585,-22.670702686900473,-22.212368155179377
63,32,16,12,DDGFactplusUpsilon,general,dual,pf_lmo_po,root,node,simple,10,true,0.3125289005567957,0.7557609549564717,7200.5412766,7200.177000045776,2006.2688482000106,2006.2688482000106,3289.796787499997,22.505050200000202,6445.3685190000815,0.09924020000002731,4.251153400001,1114.5980323999777,734.9843243999981,734.9843243999981,160346,68090,195149,263239,179777,86420,false,true,1.2006967773994823,0.824661962928044,0.416452872099768,-22.96812911013585,-22.655600209579053,-22.212368155179377
63,32,16,12,DDGFactplusUpsilon,general,dual,pf_po_lmo,root,node,simple,1,true,0.26147284681548655,0.7338187059763968,7200.2676733,7200.036000013351,305.8128321999995,305.8128321999995,5786.243317200057,9.987319500000226,6806.550547799925,0.05564900000000183,2.275859600000425,702.4953439000024,383.48692959999903,383.48692959999903,83825,28983,121004,149987,100691,9124,false,true,1.0251325476641995,0.6626674243830102,0.41360446768099735,-22.96812911013585,-22.70665626332036,-22.23431040415945
63,32,16,12,DDGFactplusUpsilon,general,dual,pf_po_lmo,root,node,simple,2,true,0.22374767525561623,0.7338187059763968,7200.2577096,7200.019000053406,1064.3688503999874,1064.3688503999874,4582.919072199946,17.170498200000214,6622.020465399991,0.08223730000001113,3.842327500000608,951.1396199999834,562.081173200001,562.081173200001,123017,60456,147188,207644,145009,45517,false,true,1.2248365314320786,0.6955649526188611,0.39383240616627546,-22.96812911013585,-22.744381434880232,-22.23431040415945
63,32,16,12,DDGFactplusUpsilon,general,dual,pf_po_lmo,root,node,simple,4,true,0.21857604613990844,0.7338187059763968,7200.2612859,7200.06299996376,1759.180186700005,1759.180186700005,3488.3780571999946,23.64246989999978,6459.139202200038,0.10725920000002474,5.331917200000886,1178.5394328000111,719.0064172999945,719.0064172999945,157102,89170,173013,262183,186247,80645,false,true,1.259775147802543,0.7239670128292065,0.38026986767621196,-22.96812911013585,-22.74955306399594,-22.23431040415945
63,32,16,12,DDGFactplusUpsilon,general,dual,pf_po_lmo,root,node,simple,6,true,0.23308909397055544,0.7338187059763968,7200.3465537,7200.131999969482,2149.872153800004,2149.872153800004,2882.6885459999894,26.48065170000045,6370.557480900101,0.12039530000003609,5.06249480000081,1299.2043509999805,806.2412845999851,806.2412845999851,176734,98810,187470,286280,211245,100196,false,true,1.2661625153944414,0.753469463706041,0.4302687450143168,-22.96812911013585,-22.735040016165293,-22.23431040415945
63,32,16,12,DDGFactplusUpsilon,general,dual,pf_po_lmo,root,node,simple,8,true,0.24001320288617833,0.7338187059763968,7200.6758082,7200.467000007629,2434.2288996000552,2434.2288996000552,2445.0153609000045,28.217297299999917,6311.301178099842,0.13076130000003633,5.714009200001207,1390.4323120000015,863.3583582999985,863.3583582999985,189782,104637,191545,296182,229871,114702,false,true,1.1949598909418633,0.7688370935165433,0.3989044093023395,-22.96812911013585,-22.72811590724967,-22.23431040415945
63,32,16,12,DDGFactplusUpsilon,general,dual,pf_po_lmo,root,node,simple,10,true,0.27480367493846103,0.7338187059763968,7200.2364793,7200.026000022888,2428.7721036000567,2428.7721036000567,2429.780478500004,28.057574599999455,6283.266858000093,0.12380690000004482,6.196560300001141,1381.005108799995,891.0266547999913,891.0266547999913,194630,105030,209651,314681,225241,108678,false,true,1.2304588333014195,0.7993703326431637,0.4735360596965208,-22.96812911013585,-22.693325435197387,-22.23431040415945
