n,s,t,ddgfact_gap,ddgfact_plus_gap,ddgfact_plus_upsilon_bfgs_gap,ddgfact_plus_upsilon_levenberg_gap,ddgfact_plus_upsilon_regbfgs_gap,spec_gap,ddgfact_runtime,ddgfact_plus_runtime,ddgfact_plus_upsilon_bfgs_runtime,ddgfact_plus_upsilon_levenberg_runtime,ddgfact_plus_upsilon_regbfgs_runtime,local_search_runtime,spectral_runtime,vf_ddgfact_runtime,vf_ddgfact_plus_runtime,vf_ddgfact_plus_upsilon_bfgs_runtime,vf_ddgfact_plus_upsilon_levenberg_runtime,vf_ddgfact_plus_upsilon_regbfgs_runtime,n_fixed_ddgfact_dual,n_fixed_ddgfact_plus_dual,n_fixed_ddgfact_plus_primal,n_fixed_ddgfact_plus_union,n_fixed_ddgfact_plus_upsilon_bfgs_dual,n_fixed_ddgfact_plus_upsilon_bfgs_primal,n_fixed_ddgfact_plus_upsilon_bfgs_union,n_fixed_ddgfact_plus_upsilon_levenberg_dual,n_fixed_ddgfact_plus_upsilon_levenberg_primal,n_fixed_ddgfact_plus_upsilon_levenberg_union,n_fixed_ddgfact_plus_upsilon_regbfgs_dual,n_fixed_ddgfact_plus_upsilon_regbfgs_primal,n_fixed_ddgfact_plus_upsilon_regbfgs_union,z_ls,z_ddgfact,z_ddgfact_plus,z_ddgfact_plus_upsilon_bfgs,z_ddgfact_plus_upsilon_levenberg,z_ddgfact_plus_upsilon_regbfgs,z_spec,psi_ddgfact_plus,psi_upsilon_bfgs,lambda_min_upsilon_bfgs,feasibility_slack_upsilon_bfgs,psi_upsilon_levenberg,lambda_min_upsilon_levenberg,feasibility_slack_upsilon_levenberg,psi_upsilon_regbfgs,lambda_min_upsilon_regbfgs,feasibility_slack_upsilon_regbfgs,gamma_min_upsilon_bfgs,gamma_max_upsilon_bfgs,theta_norm_upsilon_bfgs,theta_norm_inf_upsilon_bfgs,gamma_min_upsilon_levenberg,gamma_max_upsilon_levenberg,theta_norm_upsilon_levenberg,theta_norm_inf_upsilon_levenberg,gamma_min_upsilon_regbfgs,gamma_max_upsilon_regbfgs,theta_norm_upsilon_regbfgs,theta_norm_inf_upsilon_regbfgs,levenberg_num_evals,levenberg_cache_size,levenberg_final_lambda,levenberg_final_B_norm,regbfgs_num_evals,regbfgs_cache_size,regbfgs_final_mu,regbfgs_final_H_norm,regbfgs_final_H_min_eig,regbfgs_final_H_max_eig,regbfgs_final_B_norm,regbfgs_final_B_min_eig,regbfgs_final_B_max_eig
63,2,1,0.2855203538847346,0.21672423402435204,0.09452056377769213,0.09346643416440281,0.09400734400266608,1.4546796845492647,0.4736994,0.5030387,6.9300732,4.7999237,4.3715728,0.4222462,0.0206749,1.3667856,1.8530535,3.6469749,0.6478819,0.7084919,9.0,38.0,38.0,38.0,13.0,13.0,13.0,14.0,14.0,14.0,14.0,14.0,14.0,-1.0247114808285755,-0.7391911269438409,-0.8079872468042235,-0.9301909170508834,-0.9312450466641727,-0.9307041368259095,0.42996820372068917,0.031745640422217065,0.05035450293266127,0.05035460293266127,1.0000000000287557e-7,0.05059329704581658,0.050593397045816585,1.0000000000287557e-7,0.050788386391131715,0.05078848639113172,1.0000000000287557e-7,0.5794456492126857,1.7624176464971208,2.215034551463533,0.566686529220917,0.6061178468793639,1.6831438765960431,2.1072849738397714,0.5206633997282887,0.5881047332866826,1.7870000988428876,2.206661822165772,0.5805382914894818,324.0,324.0,1.0e-10,35054.27969168393,189.0,189.0,1.0e-10,1.6661073469699446,8.659044521471816e-5,1.6661073469699446,11548.618297553418,0.6002014225866256,11548.618297553423
63,3,2,0.506849191718401,0.3776963044372206,0.2127994312324577,0.2128486311075095,0.2134155724982234,2.6285042839927746,0.2521239,0.2163135,16.4238758,8.8300284,5.7764296,0.1369706,0.0002518,0.0020639,0.0053459,0.6413458,0.6178678,0.6387173,0.0,7.0,7.0,7.0,0.0,0.0,0.0,0.0,0.0,0.0,0.0,0.0,0.0,-2.6677761967011175,-2.1609270049827165,-2.290079892263897,-2.45497676546866,-2.454927565593608,-2.454360624202894,-0.03927191270834318,0.031745640422217065,0.04885755710870281,0.04885765710870281,1.0000000000287557e-7,0.04898797255361445,0.04898807255361445,1.0000000000287557e-7,0.049483426049802534,0.04948352604980254,1.0000000000287557e-7,0.6701625364640138,1.6647700834807295,1.8936796938554485,0.5096870258978197,0.6936771141563632,1.6815469061649269,1.87651708611043,0.5197141472387494,0.6728187581743029,1.7911789893582974,2.0287837470686667,0.5828740563085881,220.0,220.0,1.0e-10,283176.50557731977,167.0,167.0,1.0e-10,2.19365175734635,0.0001131280654702263,2.19365175734635,8839.53947098276,0.4558608705468957,8839.539470982772
63,4,3,0.5650200573699395,0.4074009607190554,0.22661844232105732,0.2267111344655559,0.2265930011076378,3.765417298825742,0.0282601,0.0201086,14.7603666,13.5061086,8.5037782,0.1332336,0.0002758,0.0012345,0.0022313,0.6750233,0.6149634,0.6946724,0.0,9.0,9.0,9.0,0.0,0.0,0.0,0.0,0.0,0.0,0.0,0.0,0.0,-4.419893593283278,-3.854873535913338,-4.012492632564222,-4.19327515096222,-4.193182458817722,-4.19330059217564,-0.6544762944575357,0.031745640422217065,0.04882191615174461,0.04882201615174461,1.0000000000287557e-7,0.04881631846211566,0.048816418462115665,1.0000000000287557e-7,0.047987985139984445,0.04798808513998445,1.0000000000287557e-7,0.6541793886891932,1.6143078321054856,1.815785852750982,0.4789062778734027,0.6978404892289656,1.6526871474047709,1.7779287412792737,0.5024025374083023,0.7193035793189196,1.6167524713550547,1.8015812995800142,0.48041948993783307,306.0,306.0,1.0e-10,41361.98098469213,192.0,192.0,1.0e-10,1.2882462333553655,9.022355266345513e-6,1.2882462333553655,110835.80400897322,0.7762491160300744,110835.80400897327
63,5,4,0.6138181223720123,0.4417914695274616,0.2521788882248224,0.2523549895952,0.252634749377739,4.3129182419840815,0.0364937,0.0986635,19.0031644,17.617718,10.1525048,0.1478359,0.0002274,0.0014293,0.0020568,0.6322982,0.6879617,0.6512821,0.0,7.0,7.0,7.0,0.0,0.0,0.0,0.0,0.0,0.0,0.0,0.0,0.0,-6.209931237792533,-5.596113115420521,-5.768139768265072,-5.957752349567711,-5.957576248197333,-5.957296488414794,-1.8970129958084518,0.031745640422217065,0.04869221016902078,0.048692310169020786,1.0000000000287557e-7,0.048557029362611547,0.04855712936261155,1.0000000000287557e-7,0.0482691737150727,0.048269273715072704,1.0000000000287557e-7,0.7014414505378805,1.6373106275622498,1.838878751977176,0.49305503454937727,0.7172223480818806,1.6773689020065004,1.8054530263843822,0.5172264359939686,0.6679761364328348,1.7290222108660662,1.8460126135272457,0.5475560526950264,338.0,338.0,1.0e-10,111877.56242772142,207.0,207.0,1.0e-10,1.631588798136169,2.3809451378482987e-5,1.631588798136169,42000.12776874454,0.6128995252843009,42000.1277687446
63,6,5,0.6601807515487481,0.47119026212415704,0.2855984655985031,0.2855544334369897,0.28557442995089843,4.807601544662485,0.0565326,0.0168774,20.2567939,16.9347831,10.8794395,0.1744541,0.0006849,0.0013803,0.0022912,0.6477565,0.7030534,0.6723276,0.0,2.0,2.0,2.0,0.0,0.0,0.0,0.0,0.0,0.0,0.0,0.0,0.0,-8.028993058919603,-7.368812307370855,-7.557802796795446,-7.7433945933211,-7.7434386254826135,-7.743418628968705,-3.2213915142571183,0.031745640422217065,0.048101951794658836,0.04810205179465884,1.0000000000287557e-7,0.04773025060632016,0.047730350606320165,1.0000000000287557e-7,0.04835859093251629,0.048358690932516296,1.0000000000287557e-7,0.7039742058054693,1.6019181278859964,1.7214950344389814,0.47120174115168517,0.7427609653330753,1.6033930934078369,1.708031385636618,0.47212206715070193,0.7083556935569352,1.6317770740893236,1.6923349920155768,0.48966965045273536,312.0,312.0,1.0e-10,150596.35592473467,201.0,201.0,1.0e-10,1.5220450925295514,3.2472540382261585e-5,1.5220450925295514,30795.250024425415,0.6570107579308658,30795.250024425426
63,7,6,0.6432022688058741,0.4337453940981568,0.2597238599969849,0.25973178304693967,0.25972785542725596,5.186903520830602,0.0421844,0.0221985,23.0190751,19.2694107,13.7876153,0.1672126,0.0006832,0.001293,0.0036357,0.7203863,0.6517019,0.6286631,0.0,4.0,4.0,4.0,0.0,0.0,0.0,0.0,0.0,0.0,0.0,0.0,0.0,-9.864280871252262,-9.221078602446388,-9.430535477154105,-9.604557011255277,-9.604549088205323,-9.604553015825006,-4.6773773504216605,0.031745640422217065,0.047238267131826786,0.04723836713182679,1.0000000000287557e-7,0.04680782482362093,0.046807924823620936,1.0000000000287557e-7,0.04715722555125755,0.04715732555125755,1.0000000000287557e-7,0.7447233051827657,1.7026242660100763,1.5658118837101853,0.5321707466921556,0.774239981402866,1.5798573667304099,1.5379254212355953,0.45733456874265305,0.7710208599549577,1.5923164882092307,1.5365050427451201,0.46518986679066465,341.0,341.0,1.0e-10,64706.88660531556,227.0,227.0,1.0e-10,1.4401521750427577,8.50802836749044e-6,1.4401521750427577,117536.0444049581,0.694371065214893,117536.04440495805
63,8,7,0.7259195683788153,0.49668552180379777,0.3220438943241213,0.32189539166467007,0.3222774827617343,5.520773692935021,0.0440069,0.0232821,22.9209858,21.2380926,14.2206792,0.1991929,0.000212,0.001925,0.0077823,0.6762372,0.6142897,0.6710578,0.0,0.0,0.0,0.0,0.0,0.0,0.0,0.0,0.0,0.0,0.0,0.0,0.0,-11.849859469951937,-11.123939901573122,-11.35317394814814,-11.527815575627816,-11.527964078287267,-11.527581987190203,-6.329085777016917,0.031745640422217065,0.04626188055993707,0.04626198055993707,1.0000000000287557e-7,0.046295145301933016,0.04629524530193302,1.0000000000287557e-7,0.04601278047920822,0.04601288047920822,1.0000000000287557e-7,0.704925091914303,1.6751447010157334,1.5521556658551954,0.5158995502118534,0.7040410730354263,1.6344907584180546,1.4372866697929039,0.49133129309337215,0.7765454956003119,1.5167685358014877,1.4349349159690654,0.4165821085017029,359.0,359.0,1.0e-10,34787.192775706586,247.0,247.0,1.0e-10,1.3753111179626831,1.2421752199088664e-5,1.3753111179626831,80503.94050473526,0.7271082061372548,80503.9405047353
63,9,8,0.7694657443394028,0.520278377250424,0.34747301549958287,0.3473225429883531,0.34741853101334463,5.825502913022834,0.0385229,0.0303881,29.9174787,30.6768828,15.6249083,0.2279028,0.0002853,0.0013195,0.0022942,0.7532444,0.6363725,0.6485372,0.0,0.0,0.0,0.0,0.0,0.0,0.0,0.0,0.0,0.0,0.0,0.0,0.0,-13.83646540496288,-13.066999660623477,-13.316187027712456,-13.488992389463297,-13.489142861974527,-13.489046873949535,-8.010962491940045,0.031745640422217065,0.045340795554178734,0.04534089555417874,1.0000000000287557e-7,0.045284860786476956,0.04528496078647696,1.0000000000287557e-7,0.04516508933461769,0.045165189334617696,1.0000000000287557e-7,0.7767300063374317,1.6086593377302902,1.3461390269837772,0.47540112261694867,0.7411939542390578,1.5131875802721066,1.4183213755911797,0.41421840615126687,0.7844238737814093,1.4917417182857622,1.3690547142489533,0.39994437572759456,427.0,427.0,1.0e-10,4.716009026680925e6,237.0,237.0,1.0e-10,1.458881306682445,1.8984590921298865e-5,1.458881306682445,52674.29802124917,0.6854567230888386,52674.29802124919
63,10,9,0.7868548000581583,0.5171894114261377,0.3442734236254168,0.3439458300285647,0.34385456105278145,6.046134868054011,0.0761095,0.0284106,30.7838469,27.6395923,15.9996771,0.2590215,0.0003844,0.0037149,0.0023464,0.6245641,0.65464,0.6844832,0.0,0.0,0.0,0.0,0.0,0.0,0.0,0.0,0.0,0.0,0.0,0.0,0.0,-15.833599641480138,-15.04674484142198,-15.316410230054,-15.489326217854721,-15.489653811451573,-15.489745080427356,-9.787464773426127,0.031745640422217065,0.04484551113125483,0.044845611131254834,1.0000000000287557e-7,0.04468232322010349,0.04468242322010349,1.0000000000287557e-7,0.04419782854481349,0.04419792854481349,1.0000000000287557e-7,0.7957653754517,1.5786174315748034,1.2541915516947864,0.45654942065790716,0.8263517402632682,1.5689361645237603,1.1981385013514039,0.4503977874699124,0.8072423409945094,1.5189321546949086,1.297098690200203,0.41800755816250135,393.0,393.0,1.0e-10,41226.452170862714,246.0,246.0,1.0e-10,1.2356417354485774,2.6335892145941806e-5,1.2356417354485774,37970.99389906531,0.8092960695548244,37970.99389906527
63,11,10,0.8417374349416136,0.5548658166118265,0.38084008959450344,0.3803417886049054,0.38152488383977357,6.247254926580432,0.0472877,0.0567521,31.0351634,31.5807601,15.018819,0.2565147,0.0005248,0.0018607,0.0079706,0.6917016,0.6309834,0.6020384,0.0,0.0,0.0,0.0,0.0,0.0,0.0,0.0,0.0,0.0,0.0,0.0,0.0,-17.903583856570837,-17.061846421629223,-17.34871803995901,-17.522743766976333,-17.52324206796593,-17.522058972731063,-11.656328929990405,0.031745640422217065,0.044457464114910576,0.04445756411491058,1.0000000000287557e-7,0.0447746012774262,0.0447747012774262,1.0000000000287557e-7,0.04393273441108052,0.04393283441108052,1.0000000000287557e-7,0.7805138725160775,1.5284523705908335,1.219437077391448,0.4242557009805682,0.7332518089550929,1.5153099318114742,1.2462212209886587,0.4156199934917463,0.8296136954629902,1.5568483253130154,1.3198682909411472,0.44266347340732926,437.0,437.0,1.0e-10,45665.21315801266,227.0,227.0,1.0e-10,2.6778343958689295,5.0032669595508406e-5,2.6778343958689295,19986.940694641024,0.37343608748730217,19986.940694641013
63,12,11,0.8841736466043955,0.5814876034725955,0.4092037450417152,0.40869693262289175,0.4107445716262781,6.374281108499233,0.0472476,0.0263622,35.1495608,29.2653088,13.586685,0.3104787,0.0002741,0.001296,0.0022397,0.6500254,0.6991429,0.6863356,0.0,0.0,0.0,0.0,0.0,0.0,0.0,0.0,0.0,0.0,0.0,0.0,0.0,-19.98567567979847,-19.101502033194073,-19.404188076325873,-19.576471934756754,-19.576978747175577,-19.57493110817219,-13.611394571299236,0.031745640422217065,0.0441403919005356,0.0441404919005356,1.0000000000287557e-7,0.04414841696856885,0.044148516968568856,1.0000000000287557e-7,0.043404139411214855,0.04340423941121486,1.0000000000287557e-7,0.8076799766919455,1.5811995636818597,1.1447859520682209,0.4581837764992091,0.7924941890461512,1.4642735122032624,1.124600951399395,0.38135922336490385,0.8058212645752553,1.5938015450464924,1.1920749818737755,0.4661220713915644,433.0,433.0,1.0e-10,42304.40728161133,215.0,215.0,5.0e-10,1.6876531478608208,5.176749838993201e-5,1.6876531478608208,19317.139732494,0.5925388166541923,19317.13973249399
63,13,12,0.9245449877345244,0.6036876655989225,0.43367464045305226,0.4336359762188913,0.4340183367629642,6.496470071702937,0.0438269,0.0549431,37.2625651,34.4411963,16.3871108,0.4175153,0.0002833,0.0032734,0.002377,0.7555083,0.7073174,0.7474485,0.0,0.0,0.0,0.0,0.0,0.0,0.0,0.0,0.0,0.0,0.0,0.0,0.0,-22.093189730933478,-21.168644743198954,-21.489502065334555,-21.659515090480426,-21.659553754714587,-21.659171394170514,-15.59671965923054,0.031745640422217065,0.04357464433209959,0.04357474433209959,1.0000000000287557e-7,0.042977190108321205,0.04297729010832121,1.0000000000287557e-7,0.04268526091975343,0.04268536091975343,1.0000000000287557e-7,0.833781457666127,1.416208421501716,1.0293372433182508,0.3479831747661656,0.8288946112472431,1.4122908381660109,1.0518839780763563,0.34521309389914995,0.856237415377635,1.4371932774261162,1.0736204493717763,0.3626920986969661,482.0,482.0,1.0e-10,102740.47009462,260.0,260.0,1.0e-10,1.1666015625010442,5.378561255982835e-5,1.1666015625010442,18592.332640771667,0.8571906913440678,18592.33264077166
63,14,13,0.9414415702963765,0.6068605009634886,0.43723451532904534,0.4368659345835617,0.43689682911410443,6.544040821912834,0.0464095,0.029185,33.3508194,32.5864417,15.7775871,0.5214835,0.0001942,0.0013652,0.0036734,0.6735735,0.6367264,0.7039725,0.0,0.0,0.0,0.0,0.0,0.0,0.0,0.0,0.0,0.0,0.0,0.0,0.0,-24.202925490966894,-23.261483920670518,-23.596064990003406,-23.76569097563785,-23.766059556383333,-23.76602866185279,-17.65888466905406,0.031745640422217065,0.04253731800467963,0.04253741800467963,1.0000000000287557e-7,0.04275925538816496,0.042759355388164964,1.0000000000287557e-7,0.042320949509592976,0.04232104950959298,1.0000000000287557e-7,0.8554208420805416,1.4559963971459373,1.028237477071591,0.37569047528375227,0.8894751101068178,1.4695591804069368,0.9906685493795163,0.38496247854427146,0.8561671705219713,1.3873013777896708,1.0734125165011779,0.3273604052487702,469.0,469.0,1.0e-10,19679.73864131419,234.0,234.0,1.0e-10,1.1951237753566473,8.725946132188465e-5,1.1951237753566473,11460.075329953826,0.8367334166555835,11460.075329953837
63,15,14,0.9601175955162375,0.608756115155245,0.4407551928553275,0.4406328853681778,0.4423004666170698,6.583517300447877,0.0476283,0.0550689,29.572948,34.0622218,12.7558017,0.4680559,0.0002048,0.0019016,0.0082457,0.6859577,0.7272306,0.6163763,0.0,0.0,0.0,0.0,0.0,0.0,0.0,0.0,0.0,0.0,0.0,0.0,0.0,-26.330665896188428,-25.37054830067219,-25.721909781033183,-25.8899107033331,-25.89003301082025,-25.88836542957136,-19.74714859574055,0.031745640422217065,0.042577979293994116,0.04257807929399412,1.0000000000287557e-7,0.04240092042987965,0.04240102042987965,1.0000000000287557e-7,0.04202132888720752,0.04202142888720752,1.0000000000287557e-7,0.8604301861926388,1.4370626500141457,0.9564388982172526,0.3626012039295145,0.7742208475690777,1.3764047839331883,0.9896898167037198,0.31947487062040547,0.785841967063434,1.43175490717074,1.1043155561333506,0.35890089967952343,478.0,478.0,1.0e-10,84180.61438513934,194.0,194.0,1.0e-10,1.717054982608013,0.00010385813827900372,1.717054982608013,9628.518444203148,0.5823925325381294,9628.51844420316
63,16,15,0.9656428999157534,0.6015074547855228,0.4355460888785849,0.435399047599212,0.4417008152143431,6.630135065484641,0.0415855,0.0263449,28.5750811,30.3153357,12.0226152,0.5065049,0.0005543,0.0013241,0.0022999,0.6948919,0.8026033,0.7198985,0.0,0.0,0.0,0.0,0.0,0.0,0.0,0.0,0.0,0.0,0.0,0.0,0.0,-28.471424607596628,-27.505781707680875,-27.869917152811105,-28.035878518718043,-28.036025559997416,-28.029723792382285,-21.841289542111987,0.031745640422217065,0.04198198965612588,0.04198208965612588,1.0000000000287557e-7,0.0419030128497593,0.041903112849759304,1.0000000000287557e-7,0.041850871436014056,0.04185097143601406,1.0000000000287557e-7,0.7458126312383372,1.491503210271839,1.051691039719874,0.39978447734838474,0.8513173141852783,1.3840911072972752,0.942989506024794,0.32504368400086575,0.795282260075123,1.4599395059584135,1.0380007928233246,0.37839500058676245,448.0,448.0,1.0e-10,16265.980833578717,194.0,194.0,1.0000000000000002e-10,2.2851980926246833,0.00012548656044917937,2.2851980926246833,7968.980872696539,0.43759882480162665,7968.980872696531
63,17,16,0.9800077713106674,0.607230556847739,0.443621073761296,0.44359379391025655,0.4442603717297793,6.644569677975554,0.0819949,0.0245354,25.8649049,26.7267652,12.7162823,0.6467208,0.0003709,0.0019492,0.0074202,0.716923,0.7379668,0.7769239,0.0,0.0,0.0,0.0,0.0,0.0,0.0,0.0,0.0,0.0,0.0,0.0,0.0,-30.63714845368507,-29.657140682374404,-30.029917896837333,-30.193527379923776,-30.193554659774815,-30.192888081955292,-23.992578775709518,0.031745640422217065,0.04162421358816146,0.04162431358816146,1.0000000000287557e-7,0.041806686538491296,0.0418067865384913,1.0000000000287557e-7,0.041498133895750654,0.04149823389575066,1.0000000000287557e-7,0.8901682028931518,1.3697094570060622,0.913877285900744,0.31459864217085626,0.8647899296338968,1.3567451113300861,0.8710220607829401,0.3050885307340166,0.8546858489914556,1.4368421503785678,0.9773514566612929,0.36244775442347626,433.0,433.0,1.0e-10,13039.218714463255,195.0,195.0,1.0e-10,1.162030388292825,0.00010166852617942835,1.162030388292825,9835.885672574344,0.860562692644319,9835.885672574354
63,18,17,0.975694351307709,0.5902173312865884,0.433162425914837,0.43309481731903077,0.4331395506120259,6.612905494120774,0.0437041,0.0247067,26.4982105,25.9685069,12.6550307,0.8565933,0.0002096,0.0013512,0.0056391,0.7012402,0.611301,0.6121609,0.0,0.0,0.0,0.0,0.0,0.0,0.0,0.0,0.0,0.0,0.0,0.0,0.0,-32.80326230253852,-31.82756795123081,-32.21304497125193,-32.370099876623684,-32.37016748521949,-32.370122751926495,-26.190356808417746,0.031745640422217065,0.04113193796503377,0.04113203796503377,1.0000000000287557e-7,0.04153395397191398,0.04153405397191398,1.0000000000287557e-7,0.04119632684370437,0.04119642684370437,1.0000000000287557e-7,0.8608982169924083,1.380690468247484,0.8697520279213768,0.3225837133509078,0.8164710592799241,1.361565598349413,0.823234265301777,0.3086352129107215,0.8754148012233981,1.3965394125450936,0.8902485378052094,0.3339973283787094,424.0,424.0,1.0e-10,23263.45423936792,211.0,211.0,1.0e-10,1.3851134768182085,9.669638264789966e-5,1.3851134768182085,10341.648494145726,0.7219625081972509,10341.648494145724
63,19,18,0.9861698263127039,0.5862925160971884,0.43545955982949636,0.43557500272575567,0.4368399219879322,6.5528731189266765,0.048086,0.0243786,30.5693259,23.1361824,10.0665638,0.8534848,0.0002322,0.0013232,0.0023793,0.6886548,0.735505,0.7438,0.0,0.0,0.0,0.0,0.0,0.0,0.0,0.0,0.0,0.0,0.0,0.0,0.0,-35.00485575496859,-34.018685928655884,-34.4185632388714,-34.56939619513909,-34.56928075224283,-34.568015832980656,-28.45198263604191,0.031745640422217065,0.040931824122533704,0.04093192412253371,1.0000000000287557e-7,0.04097058879610923,0.04097068879610923,1.0000000000287557e-7,0.040905825760215,0.040905925760215005,1.0000000000287557e-7,0.8568305853834277,1.3803271613389625,0.8174918995922292,0.3223205445056783,0.8445576003366215,1.3496183592169773,0.7788611596357058,0.2998218556077306,0.8733525061940156,1.3651912492244385,0.8548114222939067,0.3112945281444617,391.0,391.0,1.0e-10,11662.159350091722,177.0,177.0,1.0e-10,1.0889048543471458,0.00011333572643500365,1.0889048543471458,8823.34310155478,0.9183538817913166,8823.343101554776
63,20,19,0.9827723999388311,0.5697100679295346,0.4262826101211985,0.4262876190581011,0.42851577904330185,6.483300310514828,0.0410799,0.0229774,25.4473669,22.2054047,9.2229148,1.021029,0.0002067,0.0013726,0.0023847,0.761313,0.6441152,0.7329502,0.0,0.0,0.0,0.0,0.0,0.0,0.0,0.0,0.0,0.0,0.0,0.0,0.0,-37.215905021340895,-36.23313262140206,-36.64619495341136,-36.789622411219696,-36.78961740228279,-36.78738924229759,-30.732604710826067,0.031745640422217065,0.040438777966830805,0.04043887796683081,1.0000000000287557e-7,0.040403021937130766,0.04040312193713077,1.0000000000287557e-7,0.04004018295285473,0.040040282952854736,1.0000000000287557e-7,0.8972882074331102,1.3223069090122126,0.7386997765895698,0.2793778695629912,0.8960513178271414,1.307539323031324,0.7588494952515265,0.26814699148085386,0.8773563573972275,1.3999013434787326,0.8663351817960933,0.3364017651943979,394.0,394.0,1.0e-10,21352.993798977004,190.0,190.0,1.0e-10,1.2344726179122776,0.0002646270014528268,1.2344726179122776,3778.903870390704,0.8100625201130329,3778.9038703907036
63,21,20,0.9631346330929844,0.5399223215886764,0.4043486638752114,0.40486497329157345,0.40867057962275055,6.406020805666984,0.0354517,0.0502264,28.2579682,20.5648595,9.4346989,0.9735355,0.0002293,0.0013743,0.002396,0.741197,0.7668383,0.6795305,0.0,0.0,0.0,0.0,0.0,0.0,0.0,0.0,0.0,0.0,0.0,0.0,0.0,-39.43798276743672,-38.47484813434374,-38.898060445848046,-39.03363410356151,-39.03311779414515,-39.02931218781397,-33.03196196176974,0.031745640422217065,0.040036367521056146,0.04003646752105615,1.0000000000287557e-7,0.04012153883371472,0.04012163883371472,1.0000000000287557e-7,0.039846249254962704,0.03984634925496271,1.0000000000287557e-7,0.8271161507924101,1.3175644311415153,0.7791735463160012,0.275784904329846,0.8921990394922488,1.2999197116622774,0.6930586086117512,0.262302502300461,0.88114221594617,1.3013249229793582,0.785335222180045,0.2633829169873833,391.0,391.0,1.0e-10,7755.353380496068,197.0,197.0,1.0e-10,1.1042670490584905,0.00043019976016818917,1.1042670490584905,2324.5015283341877,0.9055780490255356,2324.501528334188
63,22,21,0.9726168943856734,0.5402521687835389,0.4095304359444327,0.4097202894406635,0.4131521432000014,6.346715996329415,0.0353448,0.0204455,29.4759605,21.5693351,8.9326568,0.9794456,0.0002001,0.001912,0.0128088,0.623448,0.6479336,0.580686,0.0,0.0,0.0,0.0,0.0,0.0,0.0,0.0,0.0,0.0,0.0,0.0,0.0,-41.711889640364376,-40.7392727459787,-41.17163747158084,-41.30235920441994,-41.30216935092371,-41.298737497164375,-35.36517364403496,0.031745640422217065,0.03930682311282778,0.03930692311282778,1.0000000000287557e-7,0.03976168019117851,0.039761780191178514,1.0000000000287557e-7,0.03948661481517436,0.039486714815174365,1.0000000000287557e-7,0.8656107989212773,1.339660622247409,0.7954299979756899,0.29241631490577674,0.8806297132551264,1.3020427568531645,0.6956619624539163,0.263934382612127,0.8166427166886144,1.3008646084516957,0.7918317426732271,0.26302912682190616,411.0,411.0,1.0e-10,12490.866625921726,189.0,189.0,1.0e-10,1.0658082932534327,0.00036258299906903016,1.0658082932534327,2757.9892123115765,0.9382550372552173,2757.989212311577
63,23,22,0.9733959910844021,0.5269012227869609,0.4033417441636473,0.40307985715311645,0.40414018074268654,6.2427057722287955,0.0386014,0.0221623,22.2825433,19.4496977,8.3730378,1.1629794,0.0002208,0.0013652,0.0024362,0.8262139,0.6969634,0.6576549,0.0,0.0,0.0,0.0,0.0,0.0,0.0,0.0,0.0,0.0,0.0,0.0,0.0,-43.99582206744584,-43.02242607636144,-43.46892084465888,-43.592480323282196,-43.59274221029273,-43.59168188670316,-37.75311629521705,0.031745640422217065,0.0392924875438196,0.039292587543819604,1.0000000000287557e-7,0.03920736467257337,0.03920746467257337,1.0000000000287557e-7,0.03942454892123326,0.03942464892123326,1.0000000000287557e-7,0.8731847328009079,1.3149283712922366,0.68181749492058,0.273782193645956,0.8930458433686138,1.2613527956874337,0.6282982625970477,0.2321847923872331,0.8365073842498004,1.3014309010633525,0.7190425237782933,0.2634643522746076,398.0,398.0,1.0e-10,15386.010939869075,173.0,173.0,1.0e-10,1.1934805875807246,0.00038855826880369583,1.1934805875807246,2573.6165725639767,0.8378854338198558,2573.6165725639794
63,24,23,0.9940698884048373,0.5352074171101009,0.41410667160008785,0.4140360421498599,0.41471182786885663,6.1526558896444214,0.0350773,0.022713,18.6196008,20.5473199,7.4672595,1.392395,0.0004566,0.0012865,0.0022915,0.7384052,0.7497189,0.6762321,0.0,0.0,0.0,0.0,0.0,0.0,0.0,0.0,0.0,0.0,0.0,0.0,0.0,-46.31679139959574,-45.322721511190906,-45.78158398248564,-45.902684727995656,-45.90275535744588,-45.90207957172689,-40.16413550995132,0.031745640422217065,0.03916020783351397,0.03916030783351397,1.0000000000287557e-7,0.03913462422003934,0.039134724220039344,1.0000000000287557e-7,0.039233432711623384,0.03923353271162339,1.0000000000287557e-7,0.8270393194654475,1.2684922540561439,0.7070994727722903,0.23782899365790425,0.8672834884902391,1.2654615053408782,0.6730137894088107,0.23543688200295537,0.8520772316251225,1.3371047047371372,0.7248715018146773,0.2905066082450643,402.0,402.0,1.0e-10,18616.219026369214,173.0,173.0,1.0e-10,1.1440316285637742,0.0004788950487684928,1.1440316285637742,2088.140193914118,0.8741017074335647,2088.140193914119
63,25,24,1.0140272758005366,0.5415047208367909,0.42447781777757854,0.42419743766937756,0.4253460698971381,6.055567482854038,0.0390047,0.0212998,18.716521,20.1975967,8.190396,1.5328063,0.0002107,0.0018413,0.0050775,0.7064499,0.6503891,0.6804714,0.0,0.0,0.0,0.0,0.0,0.0,0.0,0.0,0.0,0.0,0.0,0.0,0.0,-48.65242984317309,-47.63840256737255,-48.1109251223363,-48.22795202539551,-48.22823240550371,-48.22708377327595,-42.59686236031905,0.031745640422217065,0.03872067524295886,0.03872077524295886,1.0000000000287557e-7,0.03866804581016388,0.03866814581016388,1.0000000000287557e-7,0.038674560373020944,0.03867466037302095,1.0000000000287557e-7,0.8305240799747267,1.3093380334695086,0.7316470292124281,0.26952169153470484,0.8674341480002509,1.2958679881443684,0.6572272801558798,0.2591807317421832,0.9204232489725246,1.3151280911541958,0.6678801608866015,0.27393406860772573,419.0,419.0,1.0e-10,55558.08581064624,189.0,189.0,1.0e-10,1.1902691603307858,0.0009723355135631169,1.1902691603307858,1028.4515849219677,0.8401461057791875,1028.4515849219674
63,26,25,1.0148419271964642,0.5313266285144351,0.4198921056486853,0.4201552161293094,0.4215777369159994,5.948405589329653,0.0337472,0.0518482,19.4254881,16.7810875,7.4139151,1.6396916,0.0002605,0.0012553,0.0023138,0.676643,0.6299057,0.6727855,0.0,0.0,0.0,0.0,0.0,0.0,0.0,0.0,0.0,0.0,0.0,0.0,0.0,-50.991143702479256,-49.97630177528279,-50.45981707396482,-50.57125159683057,-50.57098848634995,-50.56956596556326,-45.0427381131496,0.031745640422217065,0.03833865694004049,0.03833875694004049,1.0000000000287557e-7,0.03832702883021716,0.03832712883021716,1.0000000000287557e-7,0.03828872963427285,0.03828882963427285,1.0000000000287557e-7,0.8122415011096854,1.2774238097144264,0.5991398472651602,0.24484540117191522,0.8887167131871627,1.2762798056672549,0.6228432665458056,0.24394944432178664,0.9212511255020599,1.269253058096961,0.6008789572120016,0.23842858421568533,345.0,345.0,1.0e-10,2477.044576756596,162.0,162.0,1.0e-10,1.0768323567470397,0.0015924302125537452,1.0768323567470397,627.9710043909321,0.9286496580704329,627.971004390932
63,27,26,1.0071505227312088,0.5140124388671552,0.40710185532746124,0.40621712062194604,0.4089411574625288,5.837697901154193,0.0375843,0.0218697,18.8445688,18.0807779,9.128931,1.7915125,0.0002792,0.0011441,0.0019463,0.616686,0.6470022,0.6225221,0.0,0.0,0.0,0.0,0.0,0.0,0.0,0.0,0.0,0.0,0.0,0.0,0.0,-53.33822640053039,-52.33107587779918,-52.82421396166323,-52.93112454520293,-52.93200927990844,-52.92928524306786,-47.500528499376195,0.031745640422217065,0.038397871104288994,0.038397971104289,1.0000000000287557e-7,0.038110009627963765,0.03811010962796377,1.0000000000287557e-7,0.038004855416269606,0.03800495541626961,1.0000000000287557e-7,0.8196522181689914,1.2337483481989162,0.6558154923642827,0.21005697291879474,0.8894339166387105,1.2979087584782225,0.5901260683892396,0.26075432188067293,0.8392292133703306,1.3473659144481194,0.590154433057326,0.29815151194680944,365.0,365.0,1.0e-10,3659.0864635227267,194.0,194.0,1.0e-10,1.1737854658497375,0.0017180295577333303,1.1737854658497375,582.062162725053,0.8519444387213402,582.0621627250528
63,28,27,1.0149466610611952,0.5119089522751779,0.40815082768378375,0.40768044802142356,0.4093496648308772,5.741457391628757,0.0363989,0.0232199,16.1331048,15.3892883,8.5645602,2.1855652,0.0002901,0.0019312,0.0050266,0.7138485,0.7255654,0.7071693,0.0,0.0,0.0,0.0,0.0,0.0,0.0,0.0,0.0,0.0,0.0,0.0,0.0,-55.71770436231636,-54.702757701255166,-55.20579541004118,-55.30955353463258,-55.31002391429494,-55.308354697485484,-49.976246970687605,0.031745640422217065,0.03836812951986186,0.038368229519861866,1.0000000000287557e-7,0.03788158473567442,0.03788168473567442,1.0000000000287557e-7,0.03789603706651842,0.037896137066518426,1.0000000000287557e-7,0.7793474305328736,1.2423655751277356,0.6195399027076737,0.24929833698858236,0.9082383641809891,1.2366812178055056,0.5450818749794414,0.21243135430155666,0.8704147756358177,1.2704552277923857,0.6035099056145095,0.23937528332431124,320.0,320.0,1.0e-10,4084.0710883735223,183.0,183.0,1.0e-10,1.091574762428568,0.002115082853835407,1.091574762428568,472.79471732581464,0.9161076586875394,472.79471732581464
63,29,28,1.0193313513756408,0.5044973171166731,0.4013251203632251,0.4013561521708837,0.40480081232354337,5.648956812177737,0.0372871,0.0549612,20.4777798,18.9460048,9.2795449,2.3785069,0.0002348,0.0013685,0.002342,0.5781186,0.6730679,0.6784852,0.0,0.0,0.0,0.0,0.0,0.0,0.0,0.0,0.0,0.0,0.0,0.0,0.0,-58.11061062645972,-57.09127927508408,-57.606113309343044,-57.70928550609649,-57.709254474288834,-57.705809814136174,-52.46165381428198,0.031745640422217065,0.037804886872316534,0.03780498687231654,1.0000000000287557e-7,0.037756480683371355,0.03775658068337136,1.0000000000287557e-7,0.03775183124076889,0.03775193124076889,1.0000000000287557e-7,0.808506858887161,1.2892675979227088,0.5936314867046947,0.25407430359221717,0.9108554296052829,1.231074084991056,0.5656770292734504,0.2078870281623696,0.8472417035401772,1.271588526682027,0.626307145840743,0.24026692727239857,347.0,347.0,1.0e-10,6700.296692588824,185.0,185.0,1.0e-10,1.0768361780993172,0.0020051449148720327,1.0768361780993172,498.7170715606948,0.9286463625854199,498.7170715606951
63,30,29,1.0201051850004745,0.49259715044270536,0.3878375665397229,0.3873067299584463,0.3882061522869691,5.543477801794964,0.0314797,0.0269672,24.4280874,24.1216329,9.6949723,2.5507009,0.0001993,0.0013304,0.0038656,0.697122,0.6442352,0.6205005,0.0,0.0,0.0,0.0,0.0,0.0,0.0,0.0,0.0,0.0,0.0,0.0,0.0,-60.51511182834446,-59.495006643343984,-60.02251467790175,-60.127274261804736,-60.12780509838601,-60.12690567605749,-54.971634026549495,0.031745640422217065,0.0379992916766375,0.0379993916766375,1.0000000000287557e-7,0.0378310512829107,0.0378311512829107,1.0000000000287557e-7,0.03801975616373833,0.03801985616373833,1.0000000000287557e-7,0.8349053690263252,1.233348869002942,0.5522225034975261,0.20973312739160582,0.9018045894298476,1.235494004522268,0.5118585964052099,0.2114708937615587,0.9154034667691627,1.3268016397052513,0.5999936519003172,0.2827712639245243,398.0,398.0,1.0e-10,33596.72914997927,167.0,167.0,1.0e-10,1.2996665585079024,0.0013644980235133766,1.2996665585079024,732.8702444178072,0.7694281224086393,732.8702444178075
63,31,30,1.0206984935291814,0.47992061098359784,0.37499604587829793,0.37370809289751605,0.37659168757634376,5.443264530944404,0.038307,0.0308424,21.4940567,21.1143142,12.2038432,2.8066952,0.00039,0.0022936,0.0049281,0.6902551,0.7121369,0.6694437,0.0,0.0,0.0,0.0,0.0,0.0,0.0,0.0,0.0,0.0,0.0,0.0,0.0,-62.93584558999208,-61.915147096462896,-62.45592497900848,-62.56084954411378,-62.56213749709456,-62.55925390241573,-57.49258105904767,0.031745640422217065,0.038073209354060764,0.038073309354060766,1.0000000000287557e-7,0.03794363264080548,0.037943732640805486,1.0000000000287557e-7,0.037936390695004665,0.03793649069500467,1.0000000000287557e-7,0.8553737718204222,1.2880255904119475,0.5904108025958933,0.2531104958170466,0.8817873260713702,1.3097376463077672,0.6095088303474839,0.2698268471622762,0.8682284147347246,1.2416527268767865,0.616891049888122,0.21644333642397992,329.0,329.0,1.0e-10,7424.660943344838,191.0,191.0,1.0e-10,11.654243016557729,0.0014531692453551908,11.654243016557729,688.1510898996687,0.08580565871278202,688.1510898996694
63,32,31,1.021433520209925,0.4679178219628142,0.3620609561799455,0.36238131169126575,0.3636875623652145,5.318331031065142,0.0486547,0.0582618,26.410479,21.6015696,13.6237723,2.6893093,0.0002,0.0014623,0.003857,0.6794422,0.698751,0.6982915,0.0,0.0,0.0,0.0,0.0,0.0,0.0,0.0,0.0,0.0,0.0,0.0,0.0,-65.3751751900533,-64.35374166984337,-64.90725736809048,-65.01311423387335,-65.01279387836203,-65.01148762768808,-60.056844158988156,0.031745640422217065,0.03823376802156356,0.03823386802156356,1.0000000000287557e-7,0.037929965833498724,0.03793006583349873,1.0000000000287557e-7,0.03808031992219424,0.03808041992219424,1.0000000000287557e-7,0.9035235792694067,1.256871122273327,0.5226194953049771,0.2286253963273516,0.8724689231549657,1.2800285182530486,0.5702474630967762,0.24688235756852708,0.8478591228650885,1.3146646115453589,0.7077553548210674,0.2735815848449105,290.0,290.0,1.0e-10,2003.3355737309907,195.0,195.0,1.0e-10,1.177386346253808,0.001507225822071923,1.177386346253808,663.4705863950695,0.8493388793441066,663.4705863950694
63,33,32,1.0234813184476224,0.4591076183705667,0.35540257502405836,0.3550491507293003,0.3547056570822207,5.17612217287153,0.0401581,0.0313087,29.2399633,29.1035025,14.5257207,4.0565142,0.0002258,0.001889,0.0067428,0.6756599,0.651857,0.7107886,0.0,0.0,0.0,0.0,0.0,0.0,0.0,0.0,0.0,0.0,0.0,0.0,0.0,-67.83620127534316,-66.81271995689553,-67.37709365697259,-67.4807987003191,-67.48115212461386,-67.48149561826094,-62.66007910247163,0.031745640422217065,0.03858820670074234,0.03858830670074234,1.0000000000287557e-7,0.038498753581857864,0.03849885358185787,1.0000000000287557e-7,0.038447728535732195,0.0384478285357322,1.0000000000287557e-7,0.7957649514515321,1.2669169936179212,0.6044226416617077,0.2365863850791423,0.8709197812528053,1.2485354601328251,0.5988227369452132,0.22197123252324302,0.8851515024947532,1.2616158019438126,0.6089981532599075,0.2323932819083302,351.0,351.0,1.0e-10,3881.2968203313317,183.0,183.0,1.0e-10,4.266261632445403,0.00023105048447759693,4.266261632445403,4328.058442556256,0.23439725120659752,4328.058442556257
63,34,33,1.0277051143171576,0.45302587956287255,0.34987167892666093,0.34952303901120274,0.3505860962410736,5.033861262136085,0.0390262,0.0342877,31.9929611,34.055475,14.3207199,4.3282204,0.0002629,0.0018606,0.0076515,0.5970077,0.6327344,0.74301,0.0,0.0,0.0,0.0,0.0,0.0,0.0,0.0,0.0,0.0,0.0,0.0,0.0,-70.31899720800124,-69.29129209368408,-69.86597132843836,-69.96912552907457,-69.96947416899003,-69.96841111176016,-65.28513594586515,0.031745640422217065,0.03887144927858696,0.038871549278586964,1.0000000000287557e-7,0.0385119640942006,0.038512064094200604,1.0000000000287557e-7,0.03925560489706863,0.03925570489706863,1.0000000000287557e-7,0.8601275364003815,1.292172609935742,0.6002700052835558,0.2563249954583278,0.8928599213459587,1.247404908978586,0.5696242885817635,0.2210653204705767,0.8077041905780782,1.3047114522724022,0.715594170023824,0.2659819069565694,400.0,400.0,1.0e-10,20318.38733564218,181.0,181.0,1.0e-10,1.702599107517512,0.0013577662354044456,1.702599107517512,736.5038059751055,0.5873373217537967,736.5038059751048
63,35,34,1.0245133716480694,0.43722765684128717,0.3320502174496056,0.3313299774176812,0.3321346547875095,4.880469572669284,0.0433137,0.0343031,37.1957824,32.6066494,14.2188295,3.6081984,0.0003027,0.0013466,0.002383,0.7211845,0.7874339,0.6178878,0.0,0.0,0.0,0.0,0.0,0.0,0.0,0.0,0.0,0.0,0.0,0.0,0.0,-72.81248604637393,-71.78797267472586,-72.37525838953265,-72.48043582892433,-72.48115606895625,-72.48035139158642,-67.93201647370465,0.031745640422217065,0.039289592678599466,0.03928969267859947,1.0000000000287557e-7,0.039182291553453874,0.03918239155345388,1.0000000000287557e-7,0.039183832978742436,0.03918393297874244,1.0000000000287557e-7,0.8850306906690094,1.3347051486680648,0.6267229943751428,0.2887104050375912,0.8737236882189359,1.2870162937871092,0.5924295667578514,0.252326588819093,0.8432870356956941,1.2926240515856178,0.7020275253682862,0.2566743008108039,371.0,371.0,1.0e-10,25098.290508116428,165.0,165.0,1.0e-10,3.4615795620402667,0.0015336839075002287,3.4615795620402667,652.0248371320267,0.28888545871366267,652.0248371320265
63,36,35,1.0416398037187804,0.43961052295328784,0.33265550276557576,0.33147672336673395,0.3321744687529815,4.750129500843627,0.0483289,0.0627271,39.7222792,32.1694741,14.3680636,4.20398,0.0003156,0.0012845,0.0044671,0.6290163,0.6396704,0.6275149,0.0,0.0,0.0,0.0,0.0,0.0,0.0,0.0,0.0,0.0,1.0,1.0,1.0,-75.34398808524814,-74.30234828152936,-74.90437756229485,-75.01133258248257,-75.01251136188141,-75.01181361649516,-70.59385858440451,0.031745640422217065,0.03969850924692932,0.03969860924692932,1.0000000000287557e-7,0.039576026017520194,0.0395761260175202,1.0000000000287557e-7,0.039957610570917235,0.03995771057091724,1.0000000000287557e-7,0.9059006431365105,1.3272397954608537,0.6754546951112346,0.28310144396902354,0.8805330178593734,1.3071428713763837,0.6804345583446185,0.26784374112115333,0.8483101043964548,1.2928836588154913,0.7624151826879261,0.2568751180272458,341.0,341.0,1.0e-10,8101.40134459443,151.0,151.0,1.0000000000000002e-10,3.0349380823944987,0.000584069943516378,3.0349380823944987,1712.123712409283,0.3294960136081354,1712.1237124092836
63,37,36,1.0644373631269985,0.4455326169106826,0.33740323798137695,0.33613182037997547,0.3360678181525856,4.606975944906111,0.0430723,0.059652,29.5617187,34.7095401,17.8582689,3.7447499,0.0002066,0.0013814,0.0040792,0.6085344,0.610464,0.6596048,0.0,0.0,0.0,0.0,0.0,0.0,0.0,0.0,0.0,0.0,0.0,0.0,0.0,-77.89880737548363,-76.83437001235663,-77.45327475857295,-77.56140413750225,-77.56267555510365,-77.56273955733104,-73.29183143057752,0.031745640422217065,0.04012757668992162,0.04012767668992162,1.0000000000287557e-7,0.03979695400395113,0.03979705400395113,1.0000000000287557e-7,0.03987774770032326,0.039877847700323266,1.0000000000287557e-7,0.8139475136059376,1.3323794254401995,0.751415049961369,0.286966385489102,0.8460294335930643,1.311069502509461,0.6861920429419502,0.2708432182576821,0.873784388116442,1.3782912500168156,0.7339704284338558,0.32084450731010217,353.0,353.0,1.0e-10,19915.895514246167,188.0,188.0,1.0e-10,1.2477712337466176,0.0027518343725054326,1.2477712337466176,363.3939636742258,0.8014289581533107,363.3939636742257
63,38,37,1.0930573679514026,0.45506455519451094,0.3455673932951129,0.34505544505802277,0.3452486966125008,4.46381334011366,0.0386266,0.0611028,38.3218927,34.1925318,19.4097193,5.44797,0.0002281,0.0019394,0.0076864,0.6471133,0.712212,0.6376892,0.0,0.0,0.0,0.0,0.0,0.0,0.0,0.0,0.0,0.0,0.0,0.0,0.0,-80.47751965899907,-79.38446229104767,-80.02245510380456,-80.13195226570396,-80.13246421394105,-80.13227096238657,-76.01370631888541,0.031745640422217065,0.040152574230291005,0.04015267423029101,1.0000000000287557e-7,0.0401132656456296,0.0401133656456296,1.0000000000287557e-7,0.04003707118805459,0.040037171188054596,1.0000000000287557e-7,0.8937720937622263,1.3377502202765748,0.6833813791927764,0.29098926287125165,0.8961870141401027,1.3069831527585443,0.6655532750755383,0.26772154455024305,0.864047604941045,1.3083335893215748,0.7606764611567763,0.2687542582260453,336.0,336.0,1.0e-10,8928.79852648166,211.0,211.0,1.0e-10,1.4270250583087765,0.004265682372599926,1.4270250583087765,234.4290813640856,0.7007585424200167,234.42908136408553
63,39,38,1.1132203151792055,0.45449377106699274,0.3447118994459686,0.34454991150560943,0.3457235076485716,4.2823920676958664,0.0386888,0.0305357,37.7190041,28.995077,17.9545359,5.383147,0.0002013,0.0013686,0.0059145,0.7681329,0.6274959,0.672808,0.0,0.0,0.0,0.0,0.0,0.0,0.0,0.0,0.0,0.0,0.0,0.0,0.0,-83.06710132385952,-81.95388100868031,-82.61260755279253,-82.72238942441355,-82.72255141235391,-82.72137781621095,-78.78470925616365,0.031745640422217065,0.040230093495584096,0.0402301934955841,1.0000000000287557e-7,0.04015909159901349,0.040159191599013495,1.0000000000287557e-7,0.04002511458985153,0.04002521458985153,1.0000000000287557e-7,0.8780327517297387,1.3020017401526554,0.7065955581097407,0.2639028803082611,0.8840357948371089,1.3155427748900714,0.7076104491731319,0.27424933703956406,0.8834907577124568,1.3417655361694645,0.7409605268304937,0.2939863110422082,289.0,289.0,1.0e-10,14324.644617746193,199.0,199.0,1.0e-10,2.432586869107038,0.004777966285496776,2.432586869107038,209.2940678620863,0.4110850109635857,209.29406786208622
63,40,39,1.1179658475840313,0.436681433336247,0.33006236788251897,0.3295452565773047,0.33006978577869006,4.101041918162622,0.0681718,0.0303599,25.2611429,29.6802552,16.1311672,4.575552,0.0006754,0.0019194,0.0050631,0.735478,0.7002222,0.6824809,0.0,0.0,0.0,0.0,0.0,0.0,0.0,0.0,0.0,0.0,0.0,0.0,0.0,-85.66138783530178,-84.54342198771775,-85.22470640196553,-85.33132546741926,-85.33184257872448,-85.33131804952309,-81.56034591713916,0.031745640422217065,0.040374753487460904,0.04037485348746091,1.0000000000287557e-7,0.039950857326841824,0.03995095732684183,1.0000000000287557e-7,0.04028195076411731,0.04028205076411731,1.0000000000287557e-7,0.8678512730522808,1.307200814637615,0.7443734362861469,0.2678880683161972,0.8765710092261788,1.2831177030672523,0.7137375093980114,0.24929282193008004,0.8752735512803692,1.3172761727391218,0.7653831463610618,0.2755660991367583,303.0,303.0,1.0e-10,110893.48259559607,182.0,182.0,1.0e-10,1.2329704172220033,0.0032212655816144355,1.2329704172220033,310.43699274820335,0.811049467131414,310.43699274820347
63,41,40,1.1252284685806018,0.4211748767314276,0.3192507737770285,0.3191487145361691,0.3197543850365747,3.9309977573779094,0.0433556,0.0595283,22.9671614,24.7640166,17.7217752,4.7500168,0.0003133,0.0018962,0.0070383,0.8122744,0.8184355,0.7690682,0.0,0.0,0.0,0.0,0.0,0.0,0.0,0.0,0.0,0.0,0.0,0.0,0.0,-88.27920361469045,-87.15397514610984,-87.85802873795902,-87.95995284091342,-87.96005490015428,-87.95944922965387,-84.34820585731254,0.031745640422217065,0.040363485289357875,0.04036358528935788,1.0000000000287557e-7,0.0400363117723036,0.040036411772303604,1.0000000000287557e-7,0.03940717948390446,0.03940727948390446,1.0000000000287557e-7,0.8677029539404395,1.3174932142250122,0.7386280336705843,0.27573085092676713,0.875398114925154,1.3095111220040163,0.6872457670997892,0.26965387825068887,0.8907915263886178,1.32405234368964,0.6951799534743122,0.28069699124214004,253.0,253.0,1.0e-10,45782.937404055985,208.0,208.0,1.0e-10,1.349188346165393,0.004498506965652731,1.349188346165393,222.2959767840329,0.741186360456818,222.295976784033
63,42,41,1.1368941914730044,0.41181628376283186,0.3162869934027981,0.31627073832085273,0.3162768793069688,3.774082597074141,0.07481,0.0288401,22.5250269,25.2085332,15.2732844,5.0362585,0.0003445,0.0019124,0.0076929,0.7161663,0.6283049,0.6342359,0.0,0.0,0.0,0.0,0.0,0.0,0.0,0.0,0.0,0.0,0.0,0.0,0.0,-90.92459538580492,-89.78770119433192,-90.51277910204209,-90.60830839240212,-90.60832464748407,-90.60831850649795,-87.15051278873078,0.031745640422217065,0.03944497067176435,0.03944507067176435,1.0000000000287557e-7,0.0394211427168174,0.039421242716817406,1.0000000000287557e-7,0.03956016435355132,0.039560264353551325,1.0000000000287557e-7,0.8792281225266392,1.27110962804035,0.6370148748264159,0.2398902418632788,0.8806682109951701,1.2908519214268563,0.6600951984816137,0.25530240460954856,0.8659023297075132,1.3262250355965952,0.7293243873726843,0.28233658746755325,256.0,256.0,1.0e-10,29114.743439954447,164.0,164.0,1.0e-10,2.1511889368521646,4.705074730770002e-5,2.1511889368521646,21253.64754485721,0.46485921466674207,21253.647544857206
63,43,42,1.1367462286715835,0.3920283481194815,0.302558258439106,0.3029474811541917,0.3030346353594524,3.602542530856951,0.0418957,0.0282805,22.7582895,15.4794751,16.5633092,4.8440678,0.0002631,0.0013885,0.0024469,0.5805225,0.7515752,0.6420646,0.0,0.0,0.0,0.0,0.0,0.0,0.0,0.0,0.0,0.0,0.0,0.0,0.0,-93.58083582851957,-92.44408959984798,-93.18880748040009,-93.27827757008046,-93.27788834736538,-93.27780119316012,-89.97829329766262,0.031745640422217065,0.037737199378147526,0.03773729937814753,1.0000000000287557e-7,0.03905287639135413,0.03905297639135413,1.0000000000287557e-7,0.03833541698266585,0.03833551698266585,1.0000000000287557e-7,0.8816264876348933,1.2005203212846653,0.526685805315134,0.1827550638867299,0.8610747589870357,1.2765830040076156,0.6470627748450016,0.2441869802682052,0.8795863541385789,1.2478253594727498,0.6156421046271051,0.22140232383532357,173.0,173.0,1.0e-10,50379.64596211531,198.0,198.0,1.0000000000000002e-10,2.3414579494571415,0.009792088270908378,2.3414579494571415,102.12326240664639,0.42708433008489455,102.1232624066464
63,44,43,1.1710401816838925,0.40763807992158263,0.3215394846351529,0.3212556336191028,0.32143458439136907,3.4772325858381237,0.0353367,0.0287845,20.6915639,15.5152408,15.6814168,3.6265878,0.0007115,0.0019342,0.0083956,0.7758711,0.6496048,0.6836792,0.0,0.0,0.0,0.0,0.0,0.0,0.0,0.0,0.0,0.0,0.0,0.0,0.0,-96.29443007035896,-95.12338988867506,-95.88679199043737,-95.9728905857238,-95.97317443673985,-95.97299548596759,-92.81719748452083,0.031745640422217065,0.04041857571038682,0.04041867571038682,1.0000000000287557e-7,0.04021990744463376,0.04022000744463376,1.0000000000287557e-7,0.040114632449327586,0.04011473244932759,1.0000000000287557e-7,0.8094448382069473,1.317271165311716,0.7516393971596406,0.2755622977798167,0.8082438797156165,1.3118265128261848,0.7543961679087493,0.2714204507009945,0.812570349783003,1.3099165958851384,0.7777294502174108,0.2699634679229608,169.0,169.0,1.0e-10,23514.288083701213,174.0,174.0,1.0e-10,1.6258782406207057,0.0028945935698756614,1.6258782406207057,345.4716442428445,0.6150522067726583,345.4716442428448
63,45,44,1.2010721735950511,0.4227476553356553,0.3364482505201494,0.3360027669002221,0.3359487436089239,3.3402971080502937,0.0397616,0.0289246,15.9352421,12.8735703,11.9223475,3.815729,0.0007214,0.0019502,0.0079952,0.7456128,0.6746971,0.7519164,0.0,0.0,0.0,0.0,0.0,0.0,0.0,0.0,0.0,0.0,0.0,0.0,0.0,-99.02804743510558,-97.82697526151053,-98.60529977976992,-98.69159918458543,-98.69204466820536,-98.69209869149665,-95.68775032705528,0.031745640422217065,0.03970556396297542,0.039705663962975424,1.0000000000287557e-7,0.040012147751638596,0.0400122477516386,1.0000000000287557e-7,0.039925380310802394,0.0399254803108024,1.0000000000287557e-7,0.8110818253940683,1.2906479857712603,0.7304674061420041,0.25514440680722317,0.8150808575966773,1.3015258020402602,0.7745054611138659,0.26353727010442535,0.8146577366238825,1.2988164342907393,0.7765072744080432,0.26145341460870736,134.0,134.0,1.0e-10,12095.274667755666,128.0,128.0,1.0e-10,1.860166941955823,8.658405517334175e-5,1.860166941955823,11549.470604004235,0.5375861581340435,11549.470604004235
63,46,45,1.2143803883393502,0.42542530272494616,0.3352995716101077,0.3352667719518081,0.3356487862473898,3.158706010869466,0.0398199,0.0270865,18.4619715,13.6599773,14.7173505,4.4399282,0.0002497,0.0013162,0.0038956,0.6904387,0.6844547,0.7305434,0.0,0.0,0.0,0.0,0.0,0.0,0.0,0.0,0.0,0.0,0.0,0.0,0.0,-101.77035280548272,-100.55597241714337,-101.34492750275777,-101.43505323387261,-101.43508603353091,-101.43470401923533,-98.61164679461325,0.031745640422217065,0.039476238269334246,0.03947633826933425,1.0000000000287557e-7,0.03965355145539261,0.03965365145539261,1.0000000000287557e-7,0.039758514336890524,0.03975861433689053,1.0000000000287557e-7,0.79644465225546,1.2832786986211913,0.7639016282794892,0.2494182862223806,0.8164936756360114,1.2885316863642888,0.7595569769358365,0.2535033424759675,0.8119238244809318,1.2927912027735482,0.7408212629730282,0.2568036039762289,146.0,146.0,1.0e-10,9791.993527262362,174.0,174.0,1.0e-10,1.163401511978723,0.0011166691035863956,1.163401511978723,895.5204337508736,0.8595484788246934,895.5204337508737
63,47,46,1.2113129191959757,0.4156810946644356,0.32059323226749825,0.32041771089114945,0.32124092624114553,2.9778455762229044,0.0356456,0.0581618,19.4218641,13.6008667,15.9208023,4.0637269,0.0007075,0.0012621,0.0044332,0.6637891,0.6200592,0.6583134,0.0,0.0,0.0,0.0,1.0,1.0,1.0,1.0,1.0,1.0,1.0,1.0,1.0,-104.52250998357793,-103.31119706438196,-104.1068288889135,-104.20191675131043,-104.20209227268678,-104.20126905733679,-101.54466440735503,0.031745640422217065,0.03951318997604389,0.03951328997604389,1.0000000000287557e-7,0.03950625957335571,0.039506359573355715,1.0000000000287557e-7,0.039269396688226,0.039269496688226005,1.0000000000287557e-7,0.758596742200936,1.2838961972801028,0.7765522739131099,0.2762849442251758,0.7769179099437551,1.2835996690828224,0.7566872018520102,0.252420584203882,0.769451521840595,1.2747811829974571,0.739635394665475,0.2620773272451401,143.0,143.0,1.0e-10,5519.28336156829,176.0,176.0,1.0e-10,1.1123236131938352,0.0018466239906489825,1.1123236131938352,541.5287600852477,0.89901894379231,541.5287600852475
63,48,47,1.1858786113816393,0.3877741185876431,0.2936364287969866,0.2928589196889533,0.2931234427697973,2.780063973430998,0.0735617,0.0246546,15.5717148,13.5841968,15.1710341,3.158028,0.0002458,0.0012976,0.002398,0.7253591,0.6985875,0.7264753,0.0,0.0,0.0,0.0,2.0,2.0,2.0,2.0,2.0,2.0,2.0,2.0,2.0,-107.27877443866649,-106.09289582728485,-106.89100032007885,-106.9851380098695,-106.98591551897754,-106.98565099589669,-104.49871046523549,0.031745640422217065,0.03895226056529587,0.03895236056529587,1.0000000000287557e-7,0.03890913979555602,0.03890923979555602,1.0000000000287557e-7,0.03899693906006135,0.038997039060061356,1.0000000000287557e-7,0.7880191769902154,1.2648846460250354,0.7577389567932205,0.23823285313838125,0.7893495067844027,1.2635190764944726,0.7604983805863321,0.23654608184224413,0.7880885155246609,1.266479321699963,0.7405841790619127,0.23814486608671018,147.0,147.0,1.0e-10,5195.738105602067,160.0,160.0,1.0e-10,1.7060958938502053,0.0002182071560188264,1.7060958938502053,4582.801124605194,0.5861335247532048,4582.801124605192
63,49,48,1.156983000040725,0.3578897804428465,0.27262677445581573,0.2724837135729956,0.2721686331423001,2.5943040894360223,0.0853909,0.0248396,17.1624048,17.2555698,14.4305537,2.5802774,0.0002137,0.0019764,0.0082111,0.7965279,0.7242258,0.7536083,0.0,0.0,0.0,0.0,4.0,4.0,4.0,5.0,5.0,5.0,4.0,4.0,4.0,-110.05593959539287,-108.89895659535215,-109.69804981495002,-109.78331282093706,-109.78345588181988,-109.78377096225057,-107.46163550595685,0.031745640422217065,0.03868093051656914,0.03868103051656914,1.0000000000287557e-7,0.03887427223588663,0.038874372235886634,1.0000000000287557e-7,0.038592229171100625,0.03859232917110063,1.0000000000287557e-7,0.8260687769924974,1.2561172565472944,0.6947034038986393,0.22802542081214386,0.824804301758069,1.2622744058651265,0.6991009286042899,0.23291517777703719,0.8207636057909166,1.2531561819384653,0.7164168297254353,0.2256653145456279,174.0,174.0,1.0e-10,32469.750846886236,145.0,145.0,1.0e-10,4.270494754572781,0.0001905458597024294,4.270494754572781,5248.080444055072,0.23416490524948322,5248.080444055071
63,50,49,1.1336098195201316,0.3351806747460273,0.2661827883976997,0.26648506082466383,0.2664688246755702,2.3880024249520773,0.0325973,0.0242042,18.8602049,14.6540722,13.2722096,2.1109139,0.000266,0.0013963,0.0024945,0.7101076,0.7317731,0.7165599,0.0,0.0,0.0,0.0,5.0,5.0,5.0,5.0,5.0,5.0,5.0,5.0,5.0,-112.86267557877945,-111.72906575925931,-112.52749490403342,-112.59649279038175,-112.59619051795478,-112.59620675410387,-110.47467315382737,0.031745640422217065,0.03823720822765994,0.038237308227659944,1.0000000000287557e-7,0.038431258624738396,0.0384313586247384,1.0000000000287557e-7,0.038375453479447555,0.03837555347944756,1.0000000000287557e-7,0.8404937799178993,1.2425658063586575,0.6626868516271034,0.2171784404502745,0.8460777220160699,1.2487583121485122,0.6471026576306953,0.22214970733365758,0.8458481350935126,1.2468553478188364,0.6513639504260489,0.2206246598240826,161.0,161.0,1.0e-10,7836.007485584167,144.0,144.0,1.0e-10,1.2241958463910165,0.00016269406168042467,1.2241958463910165,6146.505838450669,0.8168627616452258,6146.50583845067
63,51,50,1.103890332119846,0.3102293396320448,0.26381759056022247,0.26394533115094987,0.2645285975074927,2.1957319068778816,0.035986,0.0385691,16.0428092,13.2988232,14.7300609,1.6073928,0.0002809,0.0013341,0.0044313,0.7364329,0.7637401,0.6798319,0.0,1.0,1.0,1.0,7.0,7.0,7.0,7.0,7.0,7.0,7.0,7.0,7.0,-115.68890800929763,-114.58501767717779,-115.37867866966559,-115.42509041873741,-115.42496267814668,-115.42437941179014,-113.49317610241975,0.031745640422217065,0.037809496748168234,0.03780959674816824,1.0000000000287557e-7,0.037864172152193315,0.03786427215219332,1.0000000000287557e-7,0.037950428001994926,0.03795052800199493,1.0000000000287557e-7,0.8175340698585086,1.2296314202554042,0.6120695192790522,0.20671446614885816,0.818238709019832,1.2319418197975358,0.6060023149768358,0.20859163980591908,0.8198746412061041,1.2342167466158454,0.6043102673949564,0.21043655561511196,173.0,173.0,1.0e-10,8768.684900812776,189.0,189.0,1.0e-10,1.4492042156713167,0.0008297131330201307,1.4492042156713167,1205.2358341731283,0.6900338744818295,1205.2358341731283
63,52,51,1.0652031623367577,0.27774247271251795,0.25631578990685,0.25629562931030136,0.2567983503955418,2.00455788298234,0.0363109,0.0295989,46.8575293,24.5332826,13.7773443,1.6300877,0.0005443,0.0020425,0.0086136,0.679978,0.6715498,0.6391173,0.0,5.0,5.0,5.0,9.0,9.0,9.0,9.0,9.0,9.0,9.0,9.0,9.0,-118.53093855833924,-117.46573539600249,-118.25319608562673,-118.2746227684324,-118.27464292902894,-118.2741402079437,-116.5263806753569,0.031745640422217065,0.03530106364678055,0.035301163646780556,1.0000000000287557e-7,0.035372312747266044,0.03537241274726605,1.0000000000287557e-7,0.03526220671720649,0.035262306717206496,1.0000000000287557e-7,0.9142537210246867,1.1534135014677473,0.30486051200677833,0.14272580792895265,0.9137896486721732,1.1547242064743812,0.3077026922615806,0.14386153318746778,0.9181636624454509,1.1480185163174619,0.2972005433033095,0.13803742696369595,303.0,303.0,1.0e-10,28091.317273782333,221.0,221.0,1.0e-10,1.0899141447076452,0.00105590108744913,1.0899141447076452,947.058405267597,0.9175034609347557,947.058405267597
63,53,52,1.0199578146115869,0.24068695278589303,0.23087257750344747,0.23082063563410316,0.23106041946958555,1.788290048047358,0.0436141,0.0600713,32.3140365,53.0975883,18.1756131,1.3567953,0.0003625,0.0019435,0.0085669,0.6183474,0.683159,0.7374065,0.0,14.0,14.0,14.0,16.0,16.0,16.0,16.0,16.0,16.0,16.0,16.0,16.0,-121.39152494840191,-120.37156713379032,-121.15083799561602,-121.16065237089846,-121.1607043127678,-121.16046452893232,-119.60323490035455,0.031745640422217065,0.03351689554341911,0.033516995543419116,1.0000000000287557e-7,0.033521608479254304,0.03352170847925431,1.0000000000287557e-7,0.03351611318758357,0.03351621318758357,1.0000000000287557e-7,0.9037293691268785,1.0799410496372621,0.1733868177785868,0.10122533384510357,0.9015317432862437,1.0725231600477596,0.16498854029255405,0.10366002532668478,0.9029945130901864,1.0795281047746936,0.1716064660170572,0.10203880189569836,602.0,602.0,1.0e-10,796862.7365134108,269.0,269.0,1.0e-10,21.41563545133035,0.0005308055883157308,21.41563545133035,1883.9289224007414,0.04669485526736102,1883.9289224007425
63,54,53,0.9518178884743946,0.18329154786106017,0.1787196377419633,0.17868788581814954,0.17869999827588856,1.5476956553005863,0.0445926,0.0605119,32.2074433,34.5942114,19.1346379,1.7179031,0.0002034,0.0020334,0.0086552,0.7312337,0.696863,0.6262559,0.0,26.0,26.0,26.0,26.0,26.0,26.0,26.0,26.0,26.0,26.0,26.0,26.0,-124.25341801624201,-123.30160012776761,-124.07012646838095,-124.07469837850005,-124.07473013042386,-124.07471801796612,-122.70572236094142,0.031745640422217065,0.03254536353287362,0.032545463532873624,1.0000000000287557e-7,0.03252972669482628,0.032529826694826285,1.0000000000287557e-7,0.032545236001259935,0.03254533600125994,1.0000000000287557e-7,0.9179824705211689,1.046566737659406,0.1318269978342963,0.08557698383680834,0.914356620481238,1.0452575366105814,0.1331875795033083,0.08953460804546207,0.9131681809680712,1.053140086593991,0.13591587861539223,0.09083520837630382,389.0,389.0,1.0e-10,106303.56733420168,223.0,223.0,1.0e-10,1.2090630359822099,3.1031687389213294e-5,1.2090630359822099,32225.124836350362,0.8270867358596575,32225.12483635034
63,55,54,0.9009878874994968,0.14334644404397068,0.14026870755992604,0.14025623865821046,0.14030360193322622,1.3412312696963369,0.0337559,0.0262383,50.1669834,50.1934428,23.3275973,1.5407851,0.0003165,0.002164,0.0051621,0.7611955,0.6727006,0.6725207,0.0,31.0,31.0,31.0,32.0,32.0,32.0,31.0,31.0,31.0,31.0,31.0,31.0,-127.15476274038977,-126.25377485289027,-127.0114162963458,-127.01449403282984,-127.01450650173156,-127.01445913845654,-125.81353147069343,0.031745640422217065,0.031986871283299974,0.03198697128329998,1.0000000000287557e-7,0.0318839161319792,0.0318840161319792,1.0000000000287557e-7,0.03188454391207508,0.031884643912075086,1.0000000000287557e-7,0.9345491191928986,1.023290669108555,0.09016225697381587,0.06769109146368132,0.9311157832172524,1.0339970253572237,0.09103644020263572,0.07137164507972465,0.930550432234035,1.032691932315769,0.09249958331340065,0.07197900529919296,536.0,536.0,1.0e-10,803240.034197419,284.0,284.0,1.0000000000000003e-10,1.1349519123783451,2.2709074738131098e-5,1.1349519123783451,44035.25953969781,0.8810945987931398,44035.2595396978
63,56,55,0.8461042847687565,0.09249423349919539,0.0898919725194105,0.08988914589312458,0.08993031218335545,1.1459525461642954,0.0398761,0.0254032,64.634065,66.8077389,28.4145682,0.616027,0.0006828,0.0014026,0.0024381,0.7082356,0.7117446,0.7172327,0.0,41.0,41.0,41.0,43.0,43.0,43.0,42.0,42.0,42.0,42.0,42.0,42.0,-130.0751372167394,-129.22903293197064,-129.9826429832402,-129.98524524421998,-129.98524807084627,-129.98520690455604,-128.9291846705751,0.031745640422217065,0.03206990795300277,0.03207000795300277,1.0000000000287557e-7,0.03198841949961376,0.03198851949961376,1.0000000000287557e-7,0.031962817100599235,0.03196291710059924,1.0000000000287557e-7,0.9344189972698227,1.0316368755331156,0.12627258323044058,0.06783033613258713,0.9319799350338311,1.030852689649311,0.10785142550598557,0.07044399346195421,0.9307685299759896,1.037336735559466,0.11245489852375262,0.07174465777748308,733.0,733.0,1.0e-10,4.607128349943603e6,340.0,340.0,1.0e-10,1.4930739452459154,3.450476281052664e-6,1.4930739452459154,289815.06277589087,0.6697591924598139,289815.0627758907
63,57,56,0.8174597958767436,0.061914018308470986,0.059404194019322176,0.05941812161682947,0.05956007705646016,0.9753983758686786,0.0684459,0.0251057,74.7233903,48.9351398,29.0727629,0.8436043,0.0002452,0.0031176,0.0081215,0.6600489,0.6702308,0.6524245,0.0,52.0,52.0,52.0,52.0,52.0,52.0,51.0,51.0,51.0,52.0,52.0,52.0,-133.0471944518264,-132.22973465594967,-132.98528043351794,-132.9877902578071,-132.98777633020958,-132.98763437476995,-132.07179607595774,0.031745640422217065,0.03195486730304102,0.031954967303041024,1.0000000000287557e-7,0.03185228472236448,0.031852384722364485,1.0000000000287557e-7,0.03186142564563222,0.03186152564563222,1.0000000000287557e-7,0.9598275461404059,1.032071985676114,0.08729322352974388,0.041001650094428625,0.9479188433847884,1.0756058189826752,0.11555294536308056,0.07288405538555039,0.9593308937223113,1.0401673758353471,0.07759341737270058,0.041519223233639664,613.0,613.0,1.0e-10,197650.17634289636,371.0,371.0,1.0e-10,1.0037759448190402,8.592887111202223e-7,1.0037759448190402,1.1637532147912637e6,0.996238259206243,1.1637532147912635e6
63,58,57,0.8228410787330347,0.06444501216739695,0.06293049360797909,0.06411840336630803,0.06302954775216563,0.8570511665243714,0.0332626,0.0265433,120.7497376,149.9751397,64.4451378,0.6779151,0.0007107,0.0020618,0.0053483,0.6559293,0.7038325,0.5856674,0.0,54.0,54.0,54.0,54.0,54.0,54.0,54.0,54.0,54.0,54.0,54.0,54.0,-136.0813439497868,-135.25850287105376,-136.0168989376194,-136.01841345617882,-136.0172255464205,-136.01831440203463,-135.22429278326243,0.031745640422217065,0.03185382226185131,0.03185392226185131,1.0000000000287557e-7,0.031846180856620346,0.03184628085662035,1.0000000000287557e-7,0.031809491874271706,0.03180959187427171,1.0000000000287557e-7,0.9665498314122869,1.0153000971844923,0.040355106260669536,0.03402242303658489,0.9826134392385872,1.0129669528895218,0.025176776290289492,0.017539482118867057,0.9928805959188564,1.0297664046081167,0.03795782943174203,0.029331984877825748,1507.0,1507.0,1.0e-10,2.811579736627555e6,789.0,789.0,1.0e-10,1.7069423673785464,4.863912252387478e-6,1.7069423673785464,205595.814256136,0.5858428608606544,205595.8142561359
63,59,58,0.8061628363727209,0.04625509675440753,0.04496694689893843,0.045125721414507325,0.04496659755068322,0.7098899366739317,0.0377376,0.0196316,88.8776629,138.9475666,58.2086618,0.4967473,0.0005753,0.001378,0.0024588,0.7373815,0.6183073,0.7060961,0.0,56.0,56.0,56.0,55.0,55.0,55.0,55.0,55.0,55.0,56.0,56.0,56.0,-139.12409502590378,-138.31793218953106,-139.07783992914938,-139.07912807900485,-139.07896930448928,-139.0791284283531,-138.41420508922985,0.031745640422217065,0.03180433429845539,0.03180443429845539,1.0000000000287557e-7,0.031800873088703704,0.03180097308870371,1.0000000000287557e-7,0.031809755374374485,0.03180985537437449,1.0000000000287557e-7,0.9703619881078551,1.0186274111225908,0.039455691946101525,0.030086093484049704,0.9752569308815056,1.0218966171035821,0.036622878030930006,0.02505432384645797,0.9944610358612296,1.0231265578600561,0.024700267865749987,0.022863191790905686,1307.0,1307.0,1.0e-10,7.295055869400374e6,675.0,675.0,1.0e-10,148.2061160223121,6.226520914665118e-7,148.2061160223121,1.606033310905185e6,0.006747359771771097,1.6060333109051848e6
63,60,59,0.7650477924532879,0.0014037913898050647,7.924598008912653e-6,7.945982559931508e-6,1.1610706707188001e-5,0.5024688894796157,0.0447466,0.013841,15.6576242,11.3625049,7.7675272,0.3051671,0.0002206,0.0013188,0.0023522,0.6283269,0.7150537,0.6754421,0.0,62.0,63.0,63.0,63.0,63.0,63.0,63.0,63.0,63.0,63.0,63.0,63.0,-142.18504509681878,-141.4199973043655,-142.18364130542898,-142.18503717222077,-142.18503715083622,-142.18503348611208,-141.68257620733917,0.031745640422217065,0.032030997380148876,0.03203109738014888,1.0000000000287557e-7,0.03201481100190945,0.03201491100190945,1.0000000000287557e-7,0.03208810594749925,0.032088205947499254,1.0000000000287557e-7,0.9215056476445718,1.051514207760531,0.0975459161407253,0.08174637313946977,0.924158291677747,1.0513303234453095,0.09456650917095612,0.07887191067301182,0.9245242042195979,1.0484566932936699,0.09391995755998564,0.0784760476219563,310.0,259.0,1.0e-7,1.0280215939861406e7,195.0,195.0,1.0e-10,1.0013911379762819,0.0001642054288378125,1.0013911379762819,6089.932635465395,0.9986107945001068,6089.932635465388
63,61,60,0.8141241784492195,0.011036687543594326,0.004357875774900322,0.0043586369520483,0.004374615313736285,0.3572717309180291,0.059992,0.012013,36.7175371,21.7098813,11.9207003,0.3085349,0.0002062,0.0030841,0.0030682,0.674893,0.6578865,0.8904163,0.0,61.0,61.0,61.0,60.0,60.0,60.0,60.0,60.0,60.0,60.0,60.0,60.0,-145.37928447882257,-144.56516030037335,-145.36824779127898,-145.37492660304767,-145.37492584187052,-145.37490986350883,-145.02201274790454,0.031745640422217065,0.03208019237267894,0.03208029237267894,1.0000000000287557e-7,0.032113108167837044,0.03211320816783705,1.0000000000287557e-7,0.032121601968886346,0.03212170196888635,1.0000000000287557e-7,0.8866113878253725,1.0330432398936051,0.12734012382516857,0.12034851237585523,0.8873507138654351,1.0340907516246474,0.12703485340859133,0.1195149815104966,0.8875735427069826,1.0344446468054735,0.12672425399625203,0.11926389604373026,371.0,371.0,1.0e-10,1.2089692275871154e7,226.0,226.0,1.0e-10,1.0014328608705658,0.0002923833847732152,1.0014328608705658,3420.1669864914265,0.9985691891821249,3420.1669864914265
63,62,61,0.8282914492258158,0.001629909787681072,3.062897144445742e-5,2.4767414970483514e-5,3.834232677490945e-5,0.18060346564777774,0.0399357,0.0114459,52.4179115,87.4846937,19.4365202,0.1769626,0.000292,0.0012717,0.0023472,0.683316,0.665055,0.7000794,0.0,62.0,63.0,63.0,61.0,61.0,61.0,61.0,61.0,61.0,63.0,63.0,63.0,-148.58782569898256,-147.75953424975674,-148.58619578919487,-148.5877950700111,-148.58780093156759,-148.58778735665578,-148.40722223333478,0.031745640422217065,0.03180832420922602,0.03180842420922602,1.0000000000287557e-7,0.031809710380348646,0.03180981038034865,1.0000000000287557e-7,0.03181353596307022,0.03181363596307022,1.0000000000287557e-7,0.9985934169335102,1.0151516803046416,0.015540404466044277,0.015038040052681726,0.9989781297153099,1.0150743567912008,0.015394714700991085,0.014961867732885404,0.9983343578868485,1.0127938749403556,0.013474394500314988,0.012712724739759545,1271.0,1176.0,0.01,1.0223337640495565e7,303.0,303.0,1.0000000000000002e-10,1.0000036825916028,3.579035282685326e-5,1.0000036825916028,27940.490132572944,0.9999963173219587,27940.49013257291
