n,s,t,ddgfact_gap,ddgfact_plus_gap,ddgfact_plus_upsilon_bfgs_gap,ddgfact_plus_upsilon_one_step_gap,bfgs_minus_one_step_gap,spec_gap,ddgfact_runtime,ddgfact_plus_runtime,ddgfact_plus_upsilon_bfgs_runtime,ddgfact_plus_upsilon_one_step_runtime,local_search_runtime,spectral_runtime,z_ls,z_ddgfact,z_ddgfact_plus,z_ddgfact_plus_upsilon_bfgs,z_ddgfact_plus_upsilon_one_step,z_spec,psi_ddgfact_plus,psi_upsilon_bfgs,lambda_min_upsilon_bfgs,feasibility_slack_upsilon_bfgs,psi_upsilon_one_step,lambda_min_upsilon_one_step,feasibility_slack_upsilon_one_step,gamma_min_upsilon_bfgs,gamma_max_upsilon_bfgs,theta_norm_upsilon_bfgs,theta_norm_inf_upsilon_bfgs,gamma_min_upsilon_one_step,gamma_max_upsilon_one_step,theta_norm_upsilon_one_step,theta_norm_inf_upsilon_one_step,one_step_cache_size,one_step_num_evals,one_step_subproblem_status,one_step_subproblem_primal_status,one_step_subproblem_acceptable_status,one_step_subproblem_residual_norm_inf
63,6,1,0.6815858667771566,0.5490010784839117,0.3628843190841263,0.3625833925043133,0.00030092657981295456,0.8660230024467304,0.479984,0.389989,8.4890453,3.7255832,0.4291152,0.0170392,-0.43605479872604114,0.24553106805111552,0.11294627975787057,-0.07317047964191487,-0.07347140622172782,0.42996820372068917,0.031745640422217065,0.05004522824699394,0.050045328246993946,1.0000000000287557e-7,0.05058725747333862,0.050587357473338625,1.0000000000287557e-7,0.6738112073942532,1.7571954617928909,1.9728065085462867,0.5637190504806476,0.6978174465367873,1.7203445862399793,2.008943014533956,0.5425246115970134,215,215,SLOW_PROGRESS,FEASIBLE_POINT,true,0.724769885953262
63,7,2,1.1173004636119015,0.886575826877176,0.5802695503571524,0.5802846315261947,-1.508116904225254e-5,1.7118384140472562,0.2122204,0.2020432,14.2630433,7.0692628,0.1643044,0.0001466,-1.7511103267555994,-0.6338098631436978,-0.8645344998784235,-1.170840776398447,-1.1708256952294047,-0.03927191270834318,0.031745640422217065,0.04945515403203681,0.049455254032036815,1.0000000000287557e-7,0.04915294616384648,0.049153046163846484,1.0000000000287557e-7,0.7230731884887626,1.727927957235757,1.8843126223034172,0.5469229780982603,0.7078978997916974,1.7760036979890572,1.865045924902368,0.5743657267688562,175,175,SLOW_PROGRESS,FEASIBLE_POINT,true,0.6074033304513992
63,8,3,1.5606767590532042,1.217036943381956,0.797095037311152,0.7970501987693495,4.483854180259428e-5,2.7615561765710774,0.0234206,0.0138532,14.5182182,6.1328647,0.1708595,0.0001593,-3.416032471028613,-1.8553557119754087,-2.198995527646657,-2.618937433717461,-2.6189822722592635,-0.6544762944575357,0.031745640422217065,0.04906427411058138,0.049064374110581385,1.0000000000287557e-7,0.04887880856945977,0.04887890856945977,1.0000000000287557e-7,0.7243604226620723,1.7604685031200553,1.8207680022714512,0.5655799685810466,0.7251041916385057,1.6159545034000427,1.787830941567541,0.4799258058659696,144,144,SLOW_PROGRESS,FEASIBLE_POINT,true,0.5201907275134859
63,9,4,1.8261328164266666,1.3808743996003288,0.915646676354859,0.9154124482918249,0.00023422806303408095,3.2387423149539396,0.0264636,0.018175,16.0088186,7.8655642,0.2266705,0.0001571,-5.1357553107623914,-3.309622494335725,-3.7548809111620627,-4.2201086344075325,-4.220342862470567,-1.8970129958084518,0.031745640422217065,0.04854785796021832,0.048547957960218324,1.0000000000287557e-7,0.0485176257447377,0.0485177257447377,1.0000000000287557e-7,0.7548395303541147,1.566331983336949,1.7799727725272905,0.44873656956899827,0.7376176550672681,1.651764898197293,1.7490710200669184,0.5018443515313725,161,161,SLOW_PROGRESS,FEASIBLE_POINT,true,0.5642002745103682
63,10,5,2.0089674003390563,1.4889846149968697,1.0011744913454566,0.9997483891869177,0.0014261021585388889,3.7045888588676092,0.0333758,0.03681,13.5383068,5.670867,0.2222411,0.0001492,-6.925980373124728,-4.917012972785671,-5.436995758127858,-5.924805881779271,-5.92623198393781,-3.2213915142571183,0.031745640422217065,0.04757759815232017,0.04757769815232017,1.0000000000287557e-7,0.04758265106166151,0.047582751061661516,1.0000000000287557e-7,0.7664305221108375,1.5636511861670468,1.6289409031248334,0.4470235905015433,0.7798695597028042,1.601536061357323,1.6226586128169447,0.4709632070519824,148,148,SLOW_PROGRESS,FEASIBLE_POINT,true,0.6072387720522543
63,11,6,2.1738498046825496,1.5767622940757047,1.0671222557949864,1.0650868436029155,0.002035412192070929,4.104969713603816,0.0279699,0.0252173,16.3631822,10.5205953,0.2409782,0.0001498,-8.782347064025476,-6.6084972593429265,-7.2055847699497715,-7.71522480823049,-7.717260220422561,-4.6773773504216605,0.031745640422217065,0.04759605286837494,0.047596152868374944,1.0000000000287557e-7,0.04791966835269733,0.04791976835269733,1.0000000000287557e-7,0.7699209969287226,1.581402548944188,1.6152806098764065,0.45831214248100416,0.7757165166834329,1.6348119946348434,1.568384197567257,0.4915278097466694,190,190,SLOW_PROGRESS,FEASIBLE_POINT,true,0.6629643669494847
63,12,7,2.326996591799775,1.65413733644451,1.1354094901976488,1.1282378268507376,0.007171663346911217,4.380564924477704,0.034747,0.0294876,19.5840689,10.2425912,0.22352,0.0001523,-10.70965070149462,-8.382654109694846,-9.05551336505011,-9.574241211296972,-9.581412874643883,-6.329085777016917,0.031745640422217065,0.04722562222404876,0.04722572222404876,1.0000000000287557e-7,0.046821035492362134,0.04682113549236214,1.0000000000287557e-7,0.8032564827734536,1.5332882334299833,1.5005994155276048,0.42741460141392384,0.8076957777200181,1.6109579289417204,1.54541308200171,0.47682898898215614,173,173,SLOW_PROGRESS,FEASIBLE_POINT,true,0.7080217693996489
63,13,8,2.436327038781398,1.6975260028137704,1.1656809759280016,1.15945130958141,0.0062296663465915,4.651988430728089,0.0469315,0.0284304,20.9078543,13.3336883,0.3281068,0.0001471,-12.662950922668134,-10.226623883886736,-10.965424919854364,-11.497269946740133,-11.503499613086724,-8.010962491940045,0.031745640422217065,0.04776391254597519,0.04776401254597519,1.0000000000287557e-7,0.047209242881193936,0.04720934288119394,1.0000000000287557e-7,0.7716536242110417,1.5473864905161405,1.5372755948338832,0.43656737265445805,0.8036803127158195,1.6314943097548984,1.5266133253762766,0.4894963493068161,207,207,SLOW_PROGRESS,FEASIBLE_POINT,true,0.6712112814625405
63,14,9,2.5373963697486257,1.7427682068220776,1.203279834050953,1.193028056130455,0.010251777920498029,4.878523908881128,0.0470429,0.0327748,22.4540185,15.453468,0.3191322,0.0001442,-14.665988682307255,-12.128592312558629,-12.923220475485177,-13.462708848256302,-13.4729606261768,-9.787464773426127,0.031745640422217065,0.04779738709623142,0.047797487096231425,1.0000000000287557e-7,0.047164408595444934,0.04716450859544494,1.0000000000287557e-7,0.8139620083501213,1.5903648800976613,1.4950863424706038,0.4639634742427889,0.8271893789190571,1.5611861756151384,1.4658891372754015,0.44544590131146783,221,221,SLOW_PROGRESS,FEASIBLE_POINT,true,0.800935778778167
63,15,10,2.6018002670752427,1.7568807894033185,1.21054854319266,1.19195958675283,0.01858895643982983,5.015652681811954,0.0560715,0.0341566,19.8020009,13.6472314,0.3876488,0.0001437,-16.67198161180236,-14.070181344727116,-14.91510082239904,-15.461433068609699,-15.480022025049529,-11.656328929990405,0.031745640422217065,0.047630258119815264,0.047630358119815266,1.0000000000287557e-7,0.04748704377135987,0.047487143771359874,1.0000000000287557e-7,0.8152202315852521,1.5805059014154679,1.4865867761003801,0.4577449865580341,0.8317854438378113,1.6314244512338225,1.48874405622896,0.48945352965594296,215,215,SLOW_PROGRESS,FEASIBLE_POINT,true,0.7188349535940016
63,16,11,2.662971244383968,1.7688048325638732,1.2121301414315653,1.1954323055567961,0.01669783587476914,5.095768404774681,0.0538742,0.0310974,20.6826555,13.3970381,0.4247221,0.0001684,-18.707162976073917,-16.04419173168995,-16.938358143510044,-17.495032834642352,-17.51173067051712,-13.611394571299236,0.031745640422217065,0.04735574513329023,0.047355845133290234,1.0000000000287557e-7,0.047630730656207154,0.04763083065620716,1.0000000000287557e-7,0.7713579262430765,1.5500671804291566,1.5624429700895226,0.43829827220426776,0.759234511535934,1.5818299886273175,1.5131164411858493,0.45858239746899765,216,216,SLOW_PROGRESS,FEASIBLE_POINT,true,0.7650874675715894
63,17,12,2.7397143238806834,1.799383651623991,1.2339835643414503,1.2167070037561167,0.017276560585333556,5.197545416512824,0.0532655,0.0310198,21.1392393,12.649485,0.4322428,0.0001516,-20.794265075743365,-18.05455075186268,-18.994881424119374,-19.560281511401914,-19.577558071987248,-15.59671965923054,0.031745640422217065,0.047232571323401806,0.04723267132340181,1.0000000000287557e-7,0.047397097525436166,0.04739719752543617,1.0000000000287557e-7,0.8178603413916352,1.589794234166474,1.3924763880840025,0.46360459538370763,0.805465362069713,1.5356507159536417,1.460168161838982,0.42895421039884735,210,210,SLOW_PROGRESS,FEASIBLE_POINT,true,0.7628147960499664
63,18,13,2.8533294327476426,1.8718449838331033,1.3083202109414032,1.2749223591330896,0.03339785180831356,5.2867162035995,0.0395588,0.0270058,20.4176564,14.0777904,0.5900446,0.0001548,-22.94560087265356,-20.092271439905918,-21.073755888820457,-21.637280661712158,-21.67067851352047,-17.65888466905406,0.031745640422217065,0.04705620163299151,0.047056301632991515,1.0000000000287557e-7,0.04736671198359102,0.04736681198359102,1.0000000000287557e-7,0.7953285192451424,1.531699771639687,1.468237964400276,0.4263780805989086,0.771742179717479,1.527556034274249,1.427784703967077,0.42366909504004746,226,226,SLOW_PROGRESS,FEASIBLE_POINT,true,0.7442980520459515
63,19,14,2.9463860265911244,1.9191764994941352,1.3406334942009082,1.3232756859566237,0.017357808244284456,5.357269570348365,0.043142,0.0283234,23.0953075,12.1926114,0.8686093,0.0001517,-25.104418166088916,-22.15803213949779,-23.18524166659478,-23.763784671888008,-23.781142480132292,-19.74714859574055,0.031745640422217065,0.04730395308647749,0.04730405308647749,1.0000000000287557e-7,0.04698392420877749,0.046984024208777495,1.0000000000287557e-7,0.8194452623712823,1.539672527277617,1.4432982038002555,0.43156974918853996,0.811203365137112,1.5388235478793395,1.4267803822596237,0.43101819453388157,216,216,SLOW_PROGRESS,FEASIBLE_POINT,true,0.8757977571381879
63,20,15,3.0041028664921825,1.9412506377909402,1.3677341901629134,1.3387698706206983,0.028964319542215122,5.414544896598763,0.0468458,0.0223255,21.6767293,13.3878877,1.0018675,0.0001758,-27.25583443871075,-24.251731572218567,-25.31458380091981,-25.888100248547836,-25.91706456809005,-21.841289542111987,0.031745640422217065,0.04649219499623673,0.046492294996236735,1.0000000000287557e-7,0.046829438235837795,0.0468295382358378,1.0000000000287557e-7,0.8369299605060312,1.540519731657642,1.3716201864103847,0.43211984757862026,0.779874068477502,1.5100546860432897,1.3939729698714813,0.4121458660937607,230,230,SLOW_PROGRESS,FEASIBLE_POINT,true,0.8279289940905675
63,21,16,3.063034379315905,1.9548155161808474,1.4055738473219073,1.3602933950245522,0.04528045229735511,5.435251932082185,0.0396914,0.0226748,20.1159904,13.1333425,0.8359501,0.0001504,-29.427830707791703,-26.364796328475798,-27.473015191610855,-28.022256860469795,-28.06753731276715,-23.992578775709518,0.031745640422217065,0.04717043045780686,0.047170530457806864,1.0000000000287557e-7,0.046977931855424676,0.04697803185542468,1.0000000000287557e-7,0.8006233949998189,1.595701628157804,1.3842075173604094,0.46731353177451745,0.8068124910021109,1.515102964680897,1.3582219186436748,0.4154834001376599,243,243,SLOW_PROGRESS,FEASIBLE_POINT,true,0.8191438635653929
63,22,17,3.128278869641477,1.9772105878894308,1.4140266606671048,1.3922356967393306,0.021790963927774243,5.4453576644352495,0.0465106,0.0203604,20.2367195,11.677615,0.8000983,0.0001528,-31.635714472852996,-28.50743560321152,-29.658503884963565,-30.22168781218589,-30.243478776113665,-26.190356808417746,0.031745640422217065,0.04616222368681251,0.046162323686812515,1.0000000000287557e-7,0.046143380336201426,0.04614348033620143,1.0000000000287557e-7,0.815845433804764,1.5197096289361212,1.2972318111369068,0.4185192830142866,0.83638394302828,1.477050654859712,1.2880873669976216,0.3900472987361812,230,230,SLOW_PROGRESS,FEASIBLE_POINT,true,0.9440285785396945
63,23,18,3.1996775047979717,2.0075446695668546,1.4589426673527726,1.429793009161969,0.029149658190803507,5.426331385096013,0.03379,0.0204102,18.6458637,12.1191106,0.997179,0.0001681,-33.878314021137925,-30.678636516339953,-31.87076935157107,-32.41937135378515,-32.448521011975956,-28.45198263604191,0.031745640422217065,0.04658305658734485,0.046583156587344854,1.0000000000287557e-7,0.04596717573202669,0.04596727573202669,1.0000000000287557e-7,0.7929862313889026,1.5450821841368128,1.347681830265958,0.4350771025510386,0.8181782285873134,1.5108915886384777,1.2760026728220275,0.41269993262821847,241,241,SLOW_PROGRESS,FEASIBLE_POINT,true,0.844539993711108
63,24,19,3.0940396295429764,1.8626572826687493,1.3385952806417336,1.2997809746806936,0.03881430596103996,5.242790417976238,0.0547271,0.0225109,18.3506956,10.9066321,1.0099361,0.0001512,-35.975395128802305,-32.88135549925933,-34.112737846133555,-34.63679984816057,-34.67561415412161,-30.732604710826067,0.031745640422217065,0.045813514592268414,0.04581361459226842,1.0000000000287557e-7,0.0459687199977956,0.045968819997795604,1.0000000000287557e-7,0.8594009345969871,1.4954899540959767,1.2255906986298468,0.40245388164369,0.8192412434145049,1.476080651336723,1.2458442174081052,0.38939036651251857,233,233,SLOW_PROGRESS,FEASIBLE_POINT,true,0.8872785670952774
63,25,20,3.111603231786269,1.8438956150860406,1.3301843051353472,1.291384098096863,0.0388002070384843,5.189370103740934,0.0332747,0.0198247,18.6790482,12.7460896,1.0638014,0.0001512,-38.22133206551067,-35.109728833724404,-36.37743645042463,-36.891147760375326,-36.92994796741381,-33.03196196176974,0.031745640422217065,0.045390645133650986,0.04539074513365099,1.0000000000287557e-7,0.04535058261718724,0.04535068261718724,1.0000000000287557e-7,0.8440989277267966,1.4793118516507515,1.2175800863895438,0.3915770145453887,0.8514919693433226,1.4600775815667417,1.1685356587607483,0.3784895723678805,264,264,SLOW_PROGRESS,FEASIBLE_POINT,true,0.9068277622661657
63,26,21,3.109990485573263,1.807992111804701,1.2843924597979708,1.2606997483129092,0.02369271148506158,5.1035996952986835,0.0336642,0.0241641,21.0253421,10.6780148,1.4808657,0.0001504,-40.468773339333644,-37.35878285376038,-38.66078122752894,-39.184380879535674,-39.208073591020735,-35.36517364403496,0.031745640422217065,0.04531204359116636,0.045312143591166365,1.0000000000287557e-7,0.04513558795074153,0.045135687950741535,1.0000000000287557e-7,0.8434925876668548,1.549331699195716,1.1663141626459281,0.43782367614496054,0.8188690975672454,1.4927803120531942,1.1452415741478748,0.4006403624208062,236,236,SLOW_PROGRESS,FEASIBLE_POINT,true,0.8760337581074905
63,27,22,3.129310584565708,1.7919355158680759,1.2694045633692852,1.2422633934974314,0.027141169871853776,4.999195357034495,0.038938,0.0212424,20.253165,13.2427668,1.7557942,0.000154,-42.75231165225154,-39.623001067685834,-40.960376136383466,-41.48290708888226,-41.51004825875411,-37.75311629521705,0.031745640422217065,0.04508838287908455,0.045088482879084554,1.0000000000287557e-7,0.04473754563680226,0.04473764563680226,1.0000000000287557e-7,0.8877417684850527,1.4876589553139479,1.1535822705238334,0.39720371344370736,0.7992894588826486,1.4548177929208084,1.1489994049334722,0.3748806645486245,267,267,SLOW_PROGRESS,FEASIBLE_POINT,true,0.8872998294001063
63,28,23,3.159573664239403,1.7793275021010615,1.2734555079762515,1.2344606064350927,0.03899490154115881,4.898861094522616,0.0289881,0.0224014,19.3738961,12.6024134,1.6983472,0.0001545,-45.06299660447394,-41.903422940234535,-43.283669102372876,-43.789541096497686,-43.828535998038845,-40.16413550995132,0.031745640422217065,0.04473081734650326,0.044730917346503266,1.0000000000287557e-7,0.04443972015330736,0.044439820153307365,1.0000000000287557e-7,0.8350290733096994,1.4583736247579402,1.1328626864765357,0.37732185916525546,0.770940387425234,1.4299943704833624,1.0676282101246959,0.35767050753914564,261,261,SLOW_PROGRESS,FEASIBLE_POINT,true,0.8975801699216133
63,29,24,3.190576606629392,1.7727345537988555,1.2644558592799342,1.2345617951377506,0.02989406414218365,4.804572740940728,0.0220158,0.0271698,20.2439975,10.9598242,2.0284025,0.0001529,-47.40143510125978,-44.210858494630386,-45.62870054746092,-46.136979241979844,-46.16687330612203,-42.59686236031905,0.031745640422217065,0.04476799378162069,0.044768093781620694,1.0000000000287557e-7,0.044355414243124884,0.04435551424312489,1.0000000000287557e-7,0.8210205365269694,1.4449069933126393,1.100403620049,0.36804495500338985,0.7537362292281252,1.4383760099521408,1.0447773084758027,0.36351470630924687,230,230,SLOW_PROGRESS,FEASIBLE_POINT,true,0.9681554081814384
63,30,25,3.1920096641466387,1.7376044364743422,1.2366788502278183,1.2002582867458216,0.03642056348199674,4.685910467839527,0.0314615,0.0276474,19.8445743,12.170236,2.2128079,0.0001544,-49.72864858098913,-46.53663891684249,-47.99104414451479,-48.49196973076131,-48.52839029424331,-45.0427381131496,0.031745640422217065,0.04415587477388547,0.04415597477388547,1.0000000000287557e-7,0.04440440348239988,0.04440450348239988,1.0000000000287557e-7,0.7615076163371736,1.4654331430314307,1.1245778580005297,0.3821508595423053,0.7319785170325653,1.4315604751385416,1.0527639268386673,0.35876509065639,241,241,SLOW_PROGRESS,FEASIBLE_POINT,true,1.1366083422497204
63,31,26,3.192872102467355,1.7023438232223853,1.2080010564707422,1.1714846902368237,0.03651636623391852,4.573763169734448,0.0420232,0.034282,23.1826646,12.9814277,1.4899011,0.0001532,-52.07429166911064,-48.88141956664329,-50.37194784588826,-50.8662906126399,-50.90280697887382,-47.500528499376195,0.031745640422217065,0.044601565356043656,0.04460166535604366,1.0000000000287557e-7,0.04422447535742798,0.044224575357427985,1.0000000000287557e-7,0.7794541425800495,1.447073743226727,1.0939982829639852,0.36954340918888295,0.7410348673974421,1.4386336783022176,1.0300841803148943,0.3636938286471505,246,246,SLOW_PROGRESS,FEASIBLE_POINT,true,0.9266487647795618
63,32,27,3.1865391597020505,1.6620620994718323,1.1840821265826875,1.1308778425342965,0.05320428404839106,4.454530269768668,0.0507013,0.0350095,24.9604374,15.490284,1.8466899,0.0001546,-54.43077724045627,-51.24423808075422,-52.76871514098444,-53.246695113873585,-53.299899397921976,-49.976246970687605,0.031745640422217065,0.04423001341852393,0.04423011341852393,1.0000000000287557e-7,0.0438922358753347,0.043892335875334705,1.0000000000287557e-7,0.8605836988536882,1.4355460361618297,1.097861790896542,0.3615452898396301,0.7282340518202296,1.439655176485687,1.035298689085459,0.36440362413877186,269,269,SLOW_PROGRESS,FEASIBLE_POINT,true,0.8662307192305764
63,33,28,3.1716628111406067,1.613572221252518,1.1214883769418833,1.0807657823881343,0.04072259455374905,4.333991106957868,0.0401354,0.0394555,27.5683555,16.2483761,2.3106545,0.0001483,-56.79564492123985,-53.62398211009924,-55.18207269998733,-55.674156544297965,-55.714879138851714,-52.46165381428198,0.031745640422217065,0.04384861009401242,0.04384871009401242,1.0000000000287557e-7,0.04380957489437871,0.04380967489437871,1.0000000000287557e-7,0.8038646858754818,1.447351497656144,1.0586388870247687,0.36973533290924454,0.6814164655174316,1.4084189816758679,1.045538266810429,0.38358160980091743,263,263,SLOW_PROGRESS,FEASIBLE_POINT,true,0.8768169637653914
63,34,29,3.182339832151861,1.5902192361934695,1.091843580054423,1.0448423740696313,0.04700120598479174,4.2328810895166455,0.053771,0.0383747,29.7685667,16.9829174,3.2231253,0.0001485,-59.20451511606614,-56.02217528391428,-57.61429587987267,-58.11267153601172,-58.15967274199651,-54.971634026549495,0.031745640422217065,0.04389378495899381,0.043893884958993816,1.0000000000287557e-7,0.04360955031088471,0.043609650310884714,1.0000000000287557e-7,0.859149192879193,1.4429523858014195,1.0142240184117743,0.36669128257471867,0.6646390621322877,1.4357104754743495,1.028057012689476,0.408511149386671,254,254,SLOW_PROGRESS,FEASIBLE_POINT,true,0.8848246936946756
63,35,30,3.173868468724592,1.545729266932355,1.0175777393424141,0.9891958443686306,0.028381894973783517,4.121475574414141,0.0557109,0.0385162,32.9488663,18.8042047,2.8805966,0.0001439,-61.614056633461814,-58.44018816473722,-60.06832736652946,-60.5964788941194,-60.624860789093184,-57.49258105904767,0.031745640422217065,0.043494850091811095,0.0434949500918111,1.0000000000287557e-7,0.04328095992724118,0.04328105992724118,1.0000000000287557e-7,0.8874668886096166,1.4393209448894793,0.9502032618627622,0.3641714363167002,0.6617229240655185,1.4265361809448223,1.0358665983306783,0.41290835436667017,259,259,SLOW_PROGRESS,FEASIBLE_POINT,true,0.9092064596151483
63,36,31,3.1891125946033867,1.5225482270415185,1.001811468012754,0.9604653422164731,0.04134612579628083,4.010846809349928,0.0409233,0.0403439,32.2442093,17.5213744,3.2076777,0.0001511,-64.06769096833808,-60.8785783737347,-62.545142741296566,-63.06587950032533,-63.10722562612161,-60.056844158988156,0.031745640422217065,0.04301505474467105,0.043015154744671054,1.0000000000287557e-7,0.043205541316357024,0.04320564131635703,1.0000000000287557e-7,0.8424695804403459,1.4118177493293447,0.9723859588903764,0.34487805802752225,0.6662417268186396,1.3981860672630388,1.044378372702589,0.4061027211121797,232,232,SLOW_PROGRESS,FEASIBLE_POINT,true,0.9810584356857462
63,37,32,3.1859559270364812,1.479493690940501,0.961750501058674,0.9086217599641202,0.05312874109455379,3.862056451905943,0.0445664,0.0443027,33.3580124,19.9823516,3.1766182,0.0001438,-66.52213555437757,-63.33617962734109,-65.04264186343707,-65.5603850533189,-65.61351379441345,-62.66007910247163,0.031745640422217065,0.04301462345763534,0.043014723457635344,1.0000000000287557e-7,0.04319718992071324,0.04319728992071324,1.0000000000287557e-7,0.8414046099956698,1.3973134876101174,0.9501986529141188,0.33455145568067857,0.6618837611400965,1.4006925620943733,1.0287866117699047,0.4126653258640683,236,236,SLOW_PROGRESS,FEASIBLE_POINT,true,0.9299396861518389
63,38,33,3.180289758046726,1.4335999328635012,0.8824612281045177,0.8510515279580204,0.031409700146497244,3.706895181051223,0.0386913,0.0383828,37.7581034,21.2064729,3.8689395,0.0001314,-68.99203112691637,-65.81174136886965,-67.55843119405287,-68.10956989881186,-68.14097959895835,-65.28513594586515,0.031745640422217065,0.04319619302339179,0.04319629302339179,1.0000000000287557e-7,0.043233901372937304,0.04323400137293731,1.0000000000287557e-7,0.8304375234996744,1.3923255752760886,0.9556865256462802,0.33097542484870585,0.6610617878114506,1.4147862679621985,1.0073098310959654,0.41390796723365253,239,239,SLOW_PROGRESS,FEASIBLE_POINT,true,0.9395188098953942
63,39,34,3.1886736857213265,1.4009145436080956,0.8521563862132666,0.8103055326727286,0.04185085354053797,3.5621019768197186,0.0385266,0.0390669,38.3393376,22.215353,4.3206949,0.0001447,-71.49411845052437,-68.30544476480304,-70.09320390691627,-70.6419620643111,-70.68381291785164,-67.93201647370465,0.031745640422217065,0.043314420527781235,0.04331452052778124,1.0000000000287557e-7,0.04328351178443215,0.04328361178443215,1.0000000000287557e-7,0.8501111717425093,1.4196030419485821,0.9550058181538391,0.35037728460883133,0.6423079901166732,1.4099577653812692,1.000134134253473,0.4426873549441794,239,239,SLOW_PROGRESS,FEASIBLE_POINT,true,1.1418102400492962
63,40,35,3.2437700037699244,1.4145893006322723,0.8527810542837955,0.8219875273254189,0.03079352695837656,3.467565535633227,0.0378382,0.0350034,38.7697861,17.8164152,4.0547971,0.0001335,-74.06142412003774,-70.81765411626782,-72.64683481940547,-73.20864306575395,-73.23943659271232,-70.59385858440451,0.031745640422217065,0.04320683699841886,0.04320693699841886,1.0000000000287557e-7,0.043434245218045855,0.04343434521804586,1.0000000000287557e-7,0.8100154495392266,1.4127004370948033,0.9709891077107027,0.3455030763392726,0.6423064259749169,1.4099202379896592,1.046613411159742,0.44268979013677356,201,201,SLOW_PROGRESS,FEASIBLE_POINT,true,0.8763673647141325
63,41,36,3.2817609317636567,1.4108146119287568,0.8564701942364934,0.8061941243887816,0.050276069847711824,3.3392318080514087,0.0485662,0.0343432,35.8192248,21.2630977,4.1064,0.000147,-76.63106323862893,-73.34930230686527,-75.22024862670017,-75.77459304439243,-75.82486911424014,-73.29183143057752,0.031745640422217065,0.04319368052822685,0.04319378052822685,1.0000000000287557e-7,0.04328587741905212,0.04328597741905212,1.0000000000287557e-7,0.8404162448330418,1.3891562163129936,0.956538890405429,0.3286965241963117,0.6338476318774953,1.413160473504146,1.0416071142692145,0.4559466816973123,229,229,SLOW_PROGRESS,FEASIBLE_POINT,true,0.999350208504139
63,42,37,3.303132346342437,1.3887774492335296,0.8345339628358488,0.7715863016794486,0.06294766115640016,3.1902383504984755,0.0487755,0.036269,36.2306995,28.2008545,5.1357183,0.0001415,-79.20394466938389,-75.90081232304145,-77.81516722015036,-78.36941070654804,-78.43235836770444,-76.01370631888541,0.031745640422217065,0.04378861522276919,0.04378871522276919,1.0000000000287557e-7,0.04314889601590485,0.043148996015904856,1.0000000000287557e-7,0.8326823112134797,1.4310538527320598,0.9855602365056858,0.35841113280266257,0.6324163068490022,1.4081691704670198,0.9948237380959378,0.4582073883230307,299,299,SLOW_PROGRESS,FEASIBLE_POINT,true,0.9592125805191642
63,43,38,3.3319118760258704,1.3721550750756109,0.8108527629209306,0.7610139699804392,0.04983879294049132,3.0197783808016823,0.0493385,0.0363899,35.2660596,19.3342594,5.6697834,0.0001424,-81.80448763696533,-78.47257576093946,-80.43233256188972,-80.9936348740444,-81.0434736669849,-78.78470925616365,0.031745640422217065,0.04356467850779965,0.043564778507799655,1.0000000000287557e-7,0.04308591763334387,0.043086017633343875,1.0000000000287557e-7,0.856981316094009,1.4287530537979876,0.9620785893812622,0.35680207351601656,0.5965439842654734,1.399390465810293,1.0548811885028173,0.5166023029195831,219,219,SLOW_PROGRESS,FEASIBLE_POINT,true,0.7124115929591722
63,44,39,3.3528416625341464,1.3463665203916406,0.808957352379295,0.7316093740873697,0.0773479782919253,2.8580389396929746,0.0349567,0.0339147,37.5455582,25.495046,4.8981231,0.0001399,-84.41838485683213,-81.06554319429799,-83.0720183364405,-83.60942750445284,-83.68677548274476,-81.56034591713916,0.031745640422217065,0.043564463766917784,0.04356456376691779,1.0000000000287557e-7,0.04304998945498127,0.043050089454981275,1.0000000000287557e-7,0.8388629929168981,1.4431889863041965,0.9874164530712263,0.36685523885599697,0.5919838556565868,1.4008448449724313,1.0286270296482223,0.5242759153203478,273,273,SLOW_PROGRESS,FEASIBLE_POINT,true,0.5744810007387797
63,45,40,3.354469858231411,1.2997084946512558,0.7481378602547579,0.6893817817459791,0.05875607850877884,2.686509253745683,0.044857,0.0297473,35.4489269,25.0871145,4.3045705,0.0001418,-87.03471511105822,-83.68024525282681,-85.73500661640696,-86.28657725080346,-86.34533332931224,-84.34820585731254,0.031745640422217065,0.04343539148055245,0.04343549148055245,1.0000000000287557e-7,0.0429149380981768,0.0429150380981768,1.0000000000287557e-7,0.8098526093193001,1.4040467058260637,0.9707182210484184,0.3393585713081898,0.5715321727417431,1.3954958419139882,1.0177454241521342,0.5594345020706477,279,279,SLOW_PROGRESS,FEASIBLE_POINT,true,0.8109139112989423
63,46,41,3.3777236432273128,1.2718284663658181,0.7686196682557238,0.6753984551964436,0.09322121305928022,2.5430185701848558,0.0372747,0.0280678,35.3854318,22.6577097,3.6867063,0.0001366,-89.69353135891564,-86.31580771568832,-88.42170289254982,-88.92491169065991,-89.01813290371919,-87.15051278873078,0.031745640422217065,0.04371045587702586,0.04371055587702586,1.0000000000287557e-7,0.04295919541277591,0.04295929541277591,1.0000000000287557e-7,0.8071515924354148,1.4188844598491739,1.037175824325229,0.34987097121882765,0.5750038454753722,1.395084112866911,1.0511207095239523,0.5533785504238937,253,253,SLOW_PROGRESS,FEASIBLE_POINT,true,0.8488423233857896
63,47,42,3.4112421454029374,1.2529399773474807,0.7171566357024659,0.6744146958040034,0.04274193989846253,2.4067428388110983,0.0445456,0.032965,33.9588071,25.9096619,2.7348361,0.0001337,-92.38503613647372,-88.97379399107078,-91.13209615912623,-91.66787950077125,-91.71062144066971,-89.97829329766262,0.031745640422217065,0.043085743103992595,0.0430858431039926,1.0000000000287557e-7,0.04298534172378157,0.042985441723781576,1.0000000000287557e-7,0.8159832374484057,1.3970945662648215,0.9541314296113835,0.3343947703709292,0.5931093813633839,1.3974886410427567,1.0212339854920207,0.5223764427555817,294,294,SLOW_PROGRESS,FEASIBLE_POINT,true,0.46723162264690893
63,48,43,3.4567730504893888,1.2479463043652572,0.755043229576259,0.6909178957307915,0.06412533384546748,2.2958376892148635,0.0385765,0.0285495,34.4847176,20.8091492,2.5991348,0.0001326,-95.1130351737357,-91.65626212324631,-93.86508886937044,-94.35799194415944,-94.4221172780049,-92.81719748452083,0.031745640422217065,0.04365708579457627,0.043657185794576274,1.0000000000287557e-7,0.04302642439548553,0.04302652439548553,1.0000000000287557e-7,0.8055222187697966,1.4231379586495096,1.0093621937613082,0.3528642635648162,0.6047342524219819,1.3963770900493282,1.0650363760449637,0.5029661696458717,241,241,SLOW_PROGRESS,FEASIBLE_POINT,true,0.779407052838596
63,49,44,3.4647858505913547,1.2096888125215202,0.7448388764899789,0.675697844813854,0.06914103167612495,2.142001090691352,0.044249,0.028646,37.5295525,25.0577645,1.7982586,0.0001375,-97.82975141774664,-94.36496556715528,-96.62006260522512,-97.08491254125666,-97.15405357293278,-95.68775032705528,0.031745640422217065,0.043642221324079564,0.04364232132407957,1.0000000000287557e-7,0.04288277383665474,0.04288287383665474,1.0000000000287557e-7,0.8309682768319353,1.4077093221420098,0.9724989305775467,0.34196378908034214,0.666713037316091,1.3899682268050446,1.0121195764240252,0.4053955545529325,274,274,SLOW_PROGRESS,FEASIBLE_POINT,true,0.8623506643393372
63,50,45,3.4850846077744535,1.189211094792924,0.7266161879477409,0.6861381021626443,0.040478085785096596,1.974070450344854,0.0285018,0.0280116,45.4929745,17.5763943,2.4247719,0.0001512,-100.5857172449581,-97.10063263718365,-99.39650615016518,-99.85910105701036,-99.89957914279546,-98.61164679461325,0.031745640422217065,0.04340485074588976,0.043404950745889764,1.0000000000287557e-7,0.04306418545736318,0.04306428545736318,1.0000000000287557e-7,0.7989988649832928,1.4105420053756161,0.9650121866179987,0.34397403150256434,0.688287280837802,1.396423656154509,1.0032636516194304,0.373548968845171,217,217,SLOW_PROGRESS,FEASIBLE_POINT,true,0.6725199497322691
63,51,46,3.484291401484583,1.1508482587574207,0.6900643947315217,0.7051524432352352,-0.01508804850371348,1.8020450663829308,0.0339506,0.0286765,40.6813708,6.3612979,2.0183734,0.0001359,-103.34670947373796,-99.86241807225338,-102.19586121498054,-102.65664507900644,-102.64155703050272,-101.54466440735503,0.031745640422217065,0.04345770002310691,0.04345780002310691,1.0000000000287557e-7,0.04274382100081055,0.04274392100081055,1.0000000000287557e-7,0.827143480266709,1.4064480353472861,0.9737692980442701,0.34106740219151255,0.6800164860682837,1.381658877337125,1.044949781741615,0.38563823688780674,96,96,SLOW_PROGRESS,FEASIBLE_POINT,true,1.1360344753112361
63,52,47,3.481577402147394,1.110736120305475,0.6758765865507854,0.6700744055674477,0.005802180983337735,1.6332682803171963,0.0355403,0.0249495,39.0662268,11.9431496,2.3537465,0.0001371,-106.13197874555269,-102.65040134340529,-105.02124262524721,-105.4561021590019,-105.46190433998524,-104.49871046523549,0.031745640422217065,0.04284526554295107,0.042845365542951076,1.0000000000287557e-7,0.042738187696210926,0.04273828769621093,1.0000000000287557e-7,0.8370970132132525,1.3894407792958885,0.8936830641944423,0.32890134913806424,0.7055535109662731,1.3789430654380277,1.0084949691000065,0.3487726622788955,165,165,SLOW_PROGRESS,FEASIBLE_POINT,true,0.8354343476002692
63,53,48,3.4724672492474298,1.0652084305378793,0.6816928151938697,0.6589631072815365,0.022729707912333197,1.4780998488285917,0.0316986,0.0301586,46.4710659,11.9743861,1.9162257,0.0001405,-108.93973535478544,-105.46726810553801,-107.87452692424756,-108.25804253959157,-108.2807722475039,-107.46163550595685,0.031745640422217065,0.04227405838647476,0.04227415838647476,1.0000000000287557e-7,0.04295637341656897,0.042956473416568976,1.0000000000287557e-7,0.7929980213578719,1.3649865020940897,0.8639084366714398,0.3111445400122723,0.7538111616312272,1.3962568410531064,1.0169815660718096,0.3337949709796779,170,170,SLOW_PROGRESS,FEASIBLE_POINT,true,0.524438922150639
63,54,49,3.463624586782501,1.0206947034371154,0.6731715483214487,0.6732367334225131,-6.518510106445774e-5,1.2998569006173568,0.038747,0.0220347,39.1663053,9.4502831,1.7079013,0.0001398,-111.77453005444472,-108.31090546766222,-110.75383535100761,-111.10135850612328,-111.10129332102221,-110.47467315382737,0.031745640422217065,0.04233749549178405,0.04233759549178405,1.0000000000287557e-7,0.04224068899939723,0.04224078899939723,1.0000000000287557e-7,0.7618501508809266,1.377131041761269,0.8728438550228558,0.3200023798964024,0.7747648068764541,1.386498106146298,0.9402959563020918,0.3267812201487079,132,132,SLOW_PROGRESS,FEASIBLE_POINT,true,0.9287052954423194
63,55,50,3.484128941816337,1.0015380637200622,0.7110944032547764,0.7092305065362865,0.0018638967184898547,1.171294018513862,0.0357916,0.0211111,38.6922556,6.6610755,1.3136852,0.0001355,-114.66447012093361,-111.18034117911728,-113.66293205721355,-113.95337571767884,-113.95523961439733,-113.49317610241975,0.031745640422217065,0.041847373233785956,0.04184747323378596,1.0000000000287557e-7,0.04207750310921257,0.042077603109212575,1.0000000000287557e-7,0.8800453283811777,1.3615493044864682,0.7843472803175955,0.30862324583365974,0.7754536421654098,1.3663753117085913,0.9387641235296813,0.3121614757599793,114,114,SLOW_PROGRESS,FEASIBLE_POINT,true,1.4800105253510287
63,56,51,3.499091592921843,0.9713123788591957,0.7505735449714166,0.7471783235754685,0.003395221395948056,1.04573991540164,0.0366962,0.0256746,49.597272,6.604264,0.7431804,0.0001387,-117.57212059075854,-114.0730289978367,-116.60080821189935,-116.82154704578713,-116.82494226718308,-116.5263806753569,0.031745640422217065,0.04063230277129051,0.040632402771290516,1.0000000000287557e-7,0.041658223308243175,0.04165832330824318,1.0000000000287557e-7,0.8873081292996708,1.3145946877113859,0.7141585579156037,0.27352839584677,0.7866295407380864,1.3681439217853864,0.8748236440879995,0.31345501965006684,111,111,SLOW_PROGRESS,FEASIBLE_POINT,true,0.62531855669735
63,57,52,3.474348226961766,0.89104033863957,0.754834814577066,0.7529889566207117,0.0018458579563542798,0.8589329593370536,0.0329135,0.0244225,52.4618289,5.1979669,0.8266123,0.0001404,-120.4621678596916,-116.98781963272984,-119.57112752105203,-119.70733304511454,-119.70917890307089,-119.60323490035455,0.031745640422217065,0.03962907937150978,0.03962917937150978,1.0000000000287557e-7,0.03987341401274576,0.03987351401274576,1.0000000000287557e-7,0.8550732006440848,1.2808250995848207,0.6172776752750828,0.24750447931099254,0.8047434282450071,1.2873068695950967,0.7189120419075012,0.2525523381060161,102,102,SLOW_PROGRESS,FEASIBLE_POINT,true,0.7721645731564702
63,58,53,3.4760755327688315,0.8361966936536902,0.7328158301167065,0.7206850942357192,0.012130735880987231,0.6967095300491479,0.0367794,0.0247906,53.0433088,5.2171516,0.6441197,0.0001335,-123.40243189099057,-119.92635635822174,-122.56623519733688,-122.66961606087386,-122.68174679675485,-122.70572236094142,0.031745640422217065,0.03726136725286286,0.03726146725286286,1.0000000000287557e-7,0.03800611955176127,0.03800621955176127,1.0000000000287557e-7,0.9537099516508306,1.2374047859447006,0.42022242733826976,0.21301627184987754,0.8255345893757468,1.2245385798334745,0.5892395763690349,0.202564103515212,114,114,SLOW_PROGRESS,FEASIBLE_POINT,true,0.6911899734678505
63,59,54,3.4558977745109445,0.7633218589341197,0.6535011897261285,0.6627466583510682,-0.00924546862493969,0.5363665865792058,0.0291512,0.0318688,49.4423801,4.7174126,0.7241428,0.0001378,-126.34989805727264,-122.8940002827617,-125.58657619833852,-125.69639686754651,-125.68715139892157,-125.81353147069343,0.031745640422217065,0.03619254462405819,0.03619264462405819,1.0000000000287557e-7,0.036887224544735614,0.03688732454473562,1.0000000000287557e-7,0.9475614298472544,1.1614649988427166,0.3293762870110423,0.1496821383297781,0.9048258470201442,1.1934791147376427,0.4129759737877416,0.17687266747115332,81,81,SLOW_PROGRESS,FEASIBLE_POINT,true,0.7093360411380961
63,60,55,3.4402883876704067,0.7022561246310488,0.6021185599044543,0.6031579491114485,-0.0010393892069942012,0.40684672632013985,0.0352462,0.0140247,58.6000317,6.9405318,0.6858996,0.0001362,-129.33603139689524,-125.89574300922483,-128.6337752722642,-128.73391283699078,-128.7328734477838,-128.9291846705751,0.031745640422217065,0.03574637552873135,0.03574647552873135,1.0000000000287557e-7,0.03645585830989491,0.03645595830989491,1.0000000000287557e-7,0.9241938071309981,1.1605256016672556,0.3135966809153494,0.14887300738281742,0.9371691889726665,1.1745373615889294,0.35296671455672146,0.16087433524428385,131,131,SLOW_PROGRESS,FEASIBLE_POINT,true,0.8773174280628611
63,61,56,3.3925421742991944,0.5691283310302708,0.5393915391463224,0.5436220476933329,-0.004230508547010459,0.25738793904017143,0.020274,0.011849,56.351177,3.3347668,0.319287,0.0001318,-132.3291840149979,-128.9366418406987,-131.76005568396764,-131.78979247585158,-131.78556196730457,-132.07179607595774,0.031745640422217065,0.03385786170295841,0.03385796170295841,1.0000000000287557e-7,0.035630499654583786,0.03563059965458379,1.0000000000287557e-7,0.953090835289877,1.1115900518410027,0.1764103810907779,0.10579146944080618,0.8866641742260911,1.160317745645043,0.3306579189368891,0.1486938862689266,79,79,SLOW_PROGRESS,FEASIBLE_POINT,true,0.9694761093595996
63,62,57,3.337471512759919,0.43591433769378796,0.4173055365208995,0.42022768216813233,-0.00292214564723281,0.1336183349734199,0.0419314,0.0131931,50.4479628,1.9924246,0.2254534,0.0001334,-135.35791111823585,-132.02043960547593,-134.92199678054206,-134.94060558171495,-134.93768343606772,-135.22429278326243,0.031745640422217065,0.0328115204109758,0.0328116204109758,1.0000000000287557e-7,0.034383111592870476,0.03438321159287048,1.0000000000287557e-7,0.9809803324376218,1.0536755839802008,0.0845261700103435,0.052284607655342735,0.8899811087762777,1.111818848445108,0.25850936848662,0.11655504257529829,56,56,SLOW_PROGRESS,FEASIBLE_POINT,true,0.9861276931084223
